N,m,method_code,run_id,restart_length,q,s,zeta,iteration,true_relres
100,10000,1,0,0,0,0,0,0,1
100,10000,1,0,0,0,0,0,5,0.015912194079616
100,10000,1,0,0,0,0,0,10,0.00305830046727356
100,10000,1,0,0,0,0,0,20,0.00049048560366576
100,10000,1,0,0,0,0,0,30,0.000152970511771345
100,10000,1,0,0,0,0,0,50,3.26067733612445e-05
100,10000,1,0,0,0,0,0,75,9.90254251407591e-06
100,10000,1,0,0,0,0,0,100,4.12695011880551e-06
100,10000,1,0,0,0,0,0,125,2.17638904768631e-06
100,10000,1,0,0,0,0,0,150,1.23224569320163e-06
100,10000,1,0,0,0,0,0,175,5.75749357104917e-07
100,10000,1,0,0,0,0,0,200,1.54010518603831e-07
100,10000,1,0,0,0,0,0,225,3.21559136479036e-08
100,10000,1,0,0,0,0,0,250,7.23070106181679e-09
100,10000,3,0,50,0,0,0,0,1
100,10000,3,0,50,0,0,0,5,0.015912194079616
100,10000,3,0,50,0,0,0,10,0.00305830046727356
100,10000,3,0,50,0,0,0,20,0.00049048560366576
100,10000,3,0,50,0,0,0,30,0.000152970511771345
100,10000,3,0,50,0,0,0,50,3.26067733612445e-05
100,10000,3,0,50,0,0,0,75,1.06355339016143e-05
100,10000,3,0,50,0,0,0,100,4.26479256779696e-06
100,10000,3,0,50,0,0,0,125,2.56776522259655e-06
100,10000,3,0,50,0,0,0,150,1.3734818740467e-06
100,10000,3,0,50,0,0,0,175,9.09950416577251e-07
100,10000,3,0,50,0,0,0,200,4.8567169246835e-07
100,10000,3,0,50,0,0,0,225,2.81641710880317e-07
100,10000,3,0,50,0,0,0,250,1.7747225017696e-07
100,10000,2,1,0,2,502,12,0,1
100,10000,2,1,0,2,502,12,5,0.0160086601851816
100,10000,2,1,0,2,502,12,10,0.00308800213991919
100,10000,2,1,0,2,502,12,20,0.000499820800313207
100,10000,2,1,0,2,502,12,30,0.000156326713695848
100,10000,2,1,0,2,502,12,50,3.41536854384383e-05
100,10000,2,1,0,2,502,12,75,1.05509650771225e-05
100,10000,2,1,0,2,502,12,100,4.53734560500724e-06
100,10000,2,1,0,2,502,12,125,2.51972138780195e-06
100,10000,2,1,0,2,502,12,150,1.48603561166188e-06
100,10000,2,1,0,2,502,12,175,7.15959434816239e-07
100,10000,2,1,0,2,502,12,200,2.03529216907144e-07
100,10000,2,1,0,2,502,12,225,4.16295295794511e-08
100,10000,2,1,0,2,502,12,250,1.08138075601681e-08
100,10000,2,2,0,2,502,12,0,1
100,10000,2,2,0,2,502,12,5,0.0159594557827956
100,10000,2,2,0,2,502,12,10,0.00310203210565179
100,10000,2,2,0,2,502,12,20,0.000506876185011664
100,10000,2,2,0,2,502,12,30,0.000156927671747763
100,10000,2,2,0,2,502,12,50,3.40359099714512e-05
100,10000,2,2,0,2,502,12,75,1.07761699680631e-05
100,10000,2,2,0,2,502,12,100,4.64713040959849e-06
100,10000,2,2,0,2,502,12,125,2.4799366711627e-06
100,10000,2,2,0,2,502,12,150,1.45028834925548e-06
100,10000,2,2,0,2,502,12,175,6.81738649281857e-07
100,10000,2,2,0,2,502,12,200,1.9805992850313e-07
100,10000,2,2,0,2,502,12,225,4.27221362920766e-08
100,10000,2,2,0,2,502,12,250,1.04016168665502e-08
100,10000,2,3,0,2,502,12,0,1
100,10000,2,3,0,2,502,12,5,0.0160749980120787
100,10000,2,3,0,2,502,12,10,0.00310528975177291
100,10000,2,3,0,2,502,12,20,0.000500674287692576
100,10000,2,3,0,2,502,12,30,0.000156578676093864
100,10000,2,3,0,2,502,12,50,3.49611489099863e-05
100,10000,2,3,0,2,502,12,75,1.06499218092339e-05
100,10000,2,3,0,2,502,12,100,4.50173533098689e-06
100,10000,2,3,0,2,502,12,125,2.50943142403876e-06
100,10000,2,3,0,2,502,12,150,1.49936586992541e-06
100,10000,2,3,0,2,502,12,175,7.22765796269662e-07
100,10000,2,3,0,2,502,12,200,1.9336636468291e-07
100,10000,2,3,0,2,502,12,225,4.24739311292282e-08
100,10000,2,3,0,2,502,12,250,1.00599367730001e-08
100,10000,2,4,0,2,502,12,0,1
100,10000,2,4,0,2,502,12,5,0.0160765776720524
100,10000,2,4,0,2,502,12,10,0.00313456491342958
100,10000,2,4,0,2,502,12,20,0.000499046796285688
100,10000,2,4,0,2,502,12,30,0.000158030202054234
100,10000,2,4,0,2,502,12,50,3.44556139407661e-05
100,10000,2,4,0,2,502,12,75,1.0717062166647e-05
100,10000,2,4,0,2,502,12,100,4.63192448490476e-06
100,10000,2,4,0,2,502,12,125,2.43364900241777e-06
100,10000,2,4,0,2,502,12,150,1.44449968876567e-06
100,10000,2,4,0,2,502,12,175,7.03123167209072e-07
100,10000,2,4,0,2,502,12,200,1.97809055732779e-07
100,10000,2,4,0,2,502,12,225,4.33384891154066e-08
100,10000,2,4,0,2,502,12,250,9.8307450770807e-09
100,10000,2,5,0,2,502,12,0,1
100,10000,2,5,0,2,502,12,5,0.0159180200091833
100,10000,2,5,0,2,502,12,10,0.00307052346555799
100,10000,2,5,0,2,502,12,20,0.000505798971752175
100,10000,2,5,0,2,502,12,30,0.000158305200783575
100,10000,2,5,0,2,502,12,50,3.40479872892257e-05
100,10000,2,5,0,2,502,12,75,1.09217519218798e-05
100,10000,2,5,0,2,502,12,100,4.69985285471809e-06
100,10000,2,5,0,2,502,12,125,2.48871364115243e-06
100,10000,2,5,0,2,502,12,150,1.48075653613726e-06
100,10000,2,5,0,2,502,12,175,6.97641734824978e-07
100,10000,2,5,0,2,502,12,200,2.01105985234603e-07
100,10000,2,5,0,2,502,12,225,4.45972623742896e-08
100,10000,2,5,0,2,502,12,250,1.00961613910724e-08
200,40000,1,0,0,0,0,0,0,1
200,40000,1,0,0,0,0,0,5,0.0159467968628991
200,40000,1,0,0,0,0,0,10,0.00301683521439754
200,40000,1,0,0,0,0,0,20,0.000470652284153238
200,40000,1,0,0,0,0,0,30,0.000151063000777927
200,40000,1,0,0,0,0,0,50,3.54531992446467e-05
200,40000,1,0,0,0,0,0,75,1.11864901847888e-05
200,40000,1,0,0,0,0,0,100,4.99802346420511e-06
200,40000,1,0,0,0,0,0,125,2.10684861297778e-06
200,40000,1,0,0,0,0,0,150,1.15706532858834e-06
200,40000,1,0,0,0,0,0,175,7.00210383644588e-07
200,40000,1,0,0,0,0,0,200,4.30184859570643e-07
200,40000,1,0,0,0,0,0,225,3.18152790448413e-07
200,40000,1,0,0,0,0,0,250,2.3610775224064e-07
200,40000,3,0,50,0,0,0,0,1
200,40000,3,0,50,0,0,0,5,0.0159467968628991
200,40000,3,0,50,0,0,0,10,0.00301683521439754
200,40000,3,0,50,0,0,0,20,0.000470652284153238
200,40000,3,0,50,0,0,0,30,0.000151063000777927
200,40000,3,0,50,0,0,0,50,3.54531992446467e-05
200,40000,3,0,50,0,0,0,75,1.21104535389206e-05
200,40000,3,0,50,0,0,0,100,5.16411932692168e-06
200,40000,3,0,50,0,0,0,125,2.90769011209658e-06
200,40000,3,0,50,0,0,0,150,1.39472195711497e-06
200,40000,3,0,50,0,0,0,175,9.1600636979201e-07
200,40000,3,0,50,0,0,0,200,5.99163216598306e-07
200,40000,3,0,50,0,0,0,225,4.45229658094516e-07
200,40000,3,0,50,0,0,0,250,3.40842199694962e-07
200,40000,2,1,0,2,502,12,0,1
200,40000,2,1,0,2,502,12,5,0.0160245006897986
200,40000,2,1,0,2,502,12,10,0.00305644782481411
200,40000,2,1,0,2,502,12,20,0.000482140004928897
200,40000,2,1,0,2,502,12,30,0.000154079231748071
200,40000,2,1,0,2,502,12,50,3.70889695237883e-05
200,40000,2,1,0,2,502,12,75,1.20294182330743e-05
200,40000,2,1,0,2,502,12,100,5.59114697642064e-06
200,40000,2,1,0,2,502,12,125,2.43258394910925e-06
200,40000,2,1,0,2,502,12,150,1.35982250951141e-06
200,40000,2,1,0,2,502,12,175,8.46394467218121e-07
200,40000,2,1,0,2,502,12,200,5.46830714794438e-07
200,40000,2,1,0,2,502,12,225,4.50193497243607e-07
200,40000,2,1,0,2,502,12,250,3.40018272265844e-07
200,40000,2,2,0,2,502,12,0,1
200,40000,2,2,0,2,502,12,5,0.0160540485406615
200,40000,2,2,0,2,502,12,10,0.00304467528109458
200,40000,2,2,0,2,502,12,20,0.000481981995599086
200,40000,2,2,0,2,502,12,30,0.000154793148803631
200,40000,2,2,0,2,502,12,50,3.7067175587603e-05
200,40000,2,2,0,2,502,12,75,1.22115881313212e-05
200,40000,2,2,0,2,502,12,100,5.60880234632462e-06
200,40000,2,2,0,2,502,12,125,2.42339682644128e-06
200,40000,2,2,0,2,502,12,150,1.37430306894281e-06
200,40000,2,2,0,2,502,12,175,8.51247188886207e-07
200,40000,2,2,0,2,502,12,200,5.58036763082448e-07
200,40000,2,2,0,2,502,12,225,4.37012667922066e-07
200,40000,2,2,0,2,502,12,250,3.41914190867804e-07
200,40000,2,3,0,2,502,12,0,1
200,40000,2,3,0,2,502,12,5,0.0160089086523982
200,40000,2,3,0,2,502,12,10,0.00306663999479957
200,40000,2,3,0,2,502,12,20,0.00048239579049069
200,40000,2,3,0,2,502,12,30,0.000155513622476129
200,40000,2,3,0,2,502,12,50,3.73521215147915e-05
200,40000,2,3,0,2,502,12,75,1.22491001751716e-05
200,40000,2,3,0,2,502,12,100,5.68973603121667e-06
200,40000,2,3,0,2,502,12,125,2.49276184727516e-06
200,40000,2,3,0,2,502,12,150,1.39433250332897e-06
200,40000,2,3,0,2,502,12,175,8.89705174790646e-07
200,40000,2,3,0,2,502,12,200,5.47186487911872e-07
200,40000,2,3,0,2,502,12,225,4.29465905066862e-07
200,40000,2,3,0,2,502,12,250,3.33688093354779e-07
200,40000,2,4,0,2,502,12,0,1
200,40000,2,4,0,2,502,12,5,0.0160374319105607
200,40000,2,4,0,2,502,12,10,0.00305362705835498
200,40000,2,4,0,2,502,12,20,0.000481478498326065
200,40000,2,4,0,2,502,12,30,0.000155607256493195
200,40000,2,4,0,2,502,12,50,3.71237598904399e-05
200,40000,2,4,0,2,502,12,75,1.21037405426732e-05
200,40000,2,4,0,2,502,12,100,5.55656172296808e-06
200,40000,2,4,0,2,502,12,125,2.36251281097304e-06
200,40000,2,4,0,2,502,12,150,1.4340274959571e-06
200,40000,2,4,0,2,502,12,175,8.7342527220911e-07
200,40000,2,4,0,2,502,12,200,5.68754402079437e-07
200,40000,2,4,0,2,502,12,225,4.2787416795092e-07
200,40000,2,4,0,2,502,12,250,3.56187850493999e-07
200,40000,2,5,0,2,502,12,0,1
200,40000,2,5,0,2,502,12,5,0.016004614762716
200,40000,2,5,0,2,502,12,10,0.00305436430085967
200,40000,2,5,0,2,502,12,20,0.000479973376103309
200,40000,2,5,0,2,502,12,30,0.000156542136625909
200,40000,2,5,0,2,502,12,50,3.69923869408633e-05
200,40000,2,5,0,2,502,12,75,1.21381461678137e-05
200,40000,2,5,0,2,502,12,100,5.67875319225368e-06
200,40000,2,5,0,2,502,12,125,2.42816483471114e-06
200,40000,2,5,0,2,502,12,150,1.41208654047491e-06
200,40000,2,5,0,2,502,12,175,8.93315346927737e-07
200,40000,2,5,0,2,502,12,200,5.49581306006896e-07
200,40000,2,5,0,2,502,12,225,4.42023885631151e-07
200,40000,2,5,0,2,502,12,250,3.35203272154921e-07
400,160000,1,0,0,0,0,0,0,1
400,160000,1,0,0,0,0,0,5,0.0162359249143307
400,160000,1,0,0,0,0,0,10,0.00308285672693756
400,160000,1,0,0,0,0,0,20,0.000475557828395889
400,160000,1,0,0,0,0,0,30,0.00015516681902656
400,160000,1,0,0,0,0,0,50,3.58449580445155e-05
400,160000,1,0,0,0,0,0,75,1.08610915710879e-05
400,160000,1,0,0,0,0,0,100,4.24448446681433e-06
400,160000,1,0,0,0,0,0,125,2.08702012989345e-06
400,160000,1,0,0,0,0,0,150,1.19757706465525e-06
400,160000,1,0,0,0,0,0,175,7.3420469466656e-07
400,160000,1,0,0,0,0,0,200,5.09861787127297e-07
400,160000,1,0,0,0,0,0,225,3.91803145299262e-07
400,160000,1,0,0,0,0,0,250,3.08867881833927e-07
400,160000,3,0,50,0,0,0,0,1
400,160000,3,0,50,0,0,0,5,0.0162359249143307
400,160000,3,0,50,0,0,0,10,0.00308285672693756
400,160000,3,0,50,0,0,0,20,0.000475557828395889
400,160000,3,0,50,0,0,0,30,0.00015516681902656
400,160000,3,0,50,0,0,0,50,3.58449580445155e-05
400,160000,3,0,50,0,0,0,75,1.18932406856725e-05
400,160000,3,0,50,0,0,0,100,4.38946309394087e-06
400,160000,3,0,50,0,0,0,125,2.50967136279566e-06
400,160000,3,0,50,0,0,0,150,1.34887555522539e-06
400,160000,3,0,50,0,0,0,175,9.50760836728873e-07
400,160000,3,0,50,0,0,0,200,6.43062247202381e-07
400,160000,3,0,50,0,0,0,225,5.04086037483466e-07
400,160000,3,0,50,0,0,0,250,4.09669562084855e-07
400,160000,2,1,0,2,502,12,0,1
400,160000,2,1,0,2,502,12,5,0.0162971880278068
400,160000,2,1,0,2,502,12,10,0.00313981825230415
400,160000,2,1,0,2,502,12,20,0.00048867971485981
400,160000,2,1,0,2,502,12,30,0.000159360347530768
400,160000,2,1,0,2,502,12,50,3.73516983964904e-05
400,160000,2,1,0,2,502,12,75,1.17362738212826e-05
400,160000,2,1,0,2,502,12,100,4.74502785938981e-06
400,160000,2,1,0,2,502,12,125,2.45286878055561e-06
400,160000,2,1,0,2,502,12,150,1.4356047227443e-06
400,160000,2,1,0,2,502,12,175,9.10373859776346e-07
400,160000,2,1,0,2,502,12,200,6.82843815269355e-07
400,160000,2,1,0,2,502,12,225,5.26411436947573e-07
400,160000,2,1,0,2,502,12,250,4.39556873700487e-07
400,160000,2,2,0,2,502,12,0,1
400,160000,2,2,0,2,502,12,5,0.0163729683867076
400,160000,2,2,0,2,502,12,10,0.00310765701795408
400,160000,2,2,0,2,502,12,20,0.00048519096276101
400,160000,2,2,0,2,502,12,30,0.00016165074461738
400,160000,2,2,0,2,502,12,50,3.81297550569523e-05
400,160000,2,2,0,2,502,12,75,1.16761893238379e-05
400,160000,2,2,0,2,502,12,100,4.686594661624e-06
400,160000,2,2,0,2,502,12,125,2.34230757798196e-06
400,160000,2,2,0,2,502,12,150,1.41957212318516e-06
400,160000,2,2,0,2,502,12,175,9.07449897656715e-07
400,160000,2,2,0,2,502,12,200,6.42695644466121e-07
400,160000,2,2,0,2,502,12,225,5.23224198142798e-07
400,160000,2,2,0,2,502,12,250,4.57177042172347e-07
400,160000,2,3,0,2,502,12,0,1
400,160000,2,3,0,2,502,12,5,0.016263398384116
400,160000,2,3,0,2,502,12,10,0.00310165024307362
400,160000,2,3,0,2,502,12,20,0.000486408087193678
400,160000,2,3,0,2,502,12,30,0.000159962182776546
400,160000,2,3,0,2,502,12,50,3.80360250982682e-05
400,160000,2,3,0,2,502,12,75,1.19145713871627e-05
400,160000,2,3,0,2,502,12,100,4.6615617306371e-06
400,160000,2,3,0,2,502,12,125,2.41916055992369e-06
400,160000,2,3,0,2,502,12,150,1.43714597786034e-06
400,160000,2,3,0,2,502,12,175,9.19742261130277e-07
400,160000,2,3,0,2,502,12,200,6.5194759993509e-07
400,160000,2,3,0,2,502,12,225,5.37212489854689e-07
400,160000,2,3,0,2,502,12,250,4.3325934585409e-07
400,160000,2,4,0,2,502,12,0,1
400,160000,2,4,0,2,502,12,5,0.0162917369804461
400,160000,2,4,0,2,502,12,10,0.00311174956725388
400,160000,2,4,0,2,502,12,20,0.000483944850849556
400,160000,2,4,0,2,502,12,30,0.00016142936955268
400,160000,2,4,0,2,502,12,50,3.7562951041506e-05
400,160000,2,4,0,2,502,12,75,1.15110076302333e-05
400,160000,2,4,0,2,502,12,100,4.66410946519204e-06
400,160000,2,4,0,2,502,12,125,2.40786576617886e-06
400,160000,2,4,0,2,502,12,150,1.47365852415482e-06
400,160000,2,4,0,2,502,12,175,9.03040012067077e-07
400,160000,2,4,0,2,502,12,200,6.62011229316896e-07
400,160000,2,4,0,2,502,12,225,5.57976199696154e-07
400,160000,2,4,0,2,502,12,250,4.49887182763015e-07
400,160000,2,5,0,2,502,12,0,1
400,160000,2,5,0,2,502,12,5,0.0162731280271589
400,160000,2,5,0,2,502,12,10,0.00310231414406134
400,160000,2,5,0,2,502,12,20,0.000488994991442184
400,160000,2,5,0,2,502,12,30,0.000162457364549968
400,160000,2,5,0,2,502,12,50,3.81774809678028e-05
400,160000,2,5,0,2,502,12,75,1.17344544763446e-05
400,160000,2,5,0,2,502,12,100,4.74962733160231e-06
400,160000,2,5,0,2,502,12,125,2.391844413968e-06
400,160000,2,5,0,2,502,12,150,1.41478050718131e-06
400,160000,2,5,0,2,502,12,175,9.02985532625942e-07
400,160000,2,5,0,2,502,12,200,6.8287666357508e-07
400,160000,2,5,0,2,502,12,225,5.38754410973564e-07
400,160000,2,5,0,2,502,12,250,4.65927839084294e-07
800,640000,1,0,0,0,0,0,0,1
800,640000,1,0,0,0,0,0,5,0.016180986403643
800,640000,1,0,0,0,0,0,10,0.00304376521967526
800,640000,1,0,0,0,0,0,20,0.000475267349304556
800,640000,1,0,0,0,0,0,30,0.000154231479718755
800,640000,1,0,0,0,0,0,50,3.52755821678683e-05
800,640000,1,0,0,0,0,0,75,1.08198866307688e-05
800,640000,1,0,0,0,0,0,100,4.54597422757019e-06
800,640000,1,0,0,0,0,0,125,2.37925385941503e-06
800,640000,1,0,0,0,0,0,150,1.4307976653107e-06
800,640000,1,0,0,0,0,0,175,9.43489326784388e-07
800,640000,1,0,0,0,0,0,200,6.36832338547079e-07
800,640000,1,0,0,0,0,0,225,4.45154915197778e-07
800,640000,1,0,0,0,0,0,250,3.23239388041243e-07
800,640000,3,0,50,0,0,0,0,1
800,640000,3,0,50,0,0,0,5,0.016180986403643
800,640000,3,0,50,0,0,0,10,0.00304376521967526
800,640000,3,0,50,0,0,0,20,0.000475267349304556
800,640000,3,0,50,0,0,0,30,0.000154231479718755
800,640000,3,0,50,0,0,0,50,3.52755821678683e-05
800,640000,3,0,50,0,0,0,75,1.17757798234726e-05
800,640000,3,0,50,0,0,0,100,4.69196720753556e-06
800,640000,3,0,50,0,0,0,125,2.8382049593002e-06
800,640000,3,0,50,0,0,0,150,1.58752041278548e-06
800,640000,3,0,50,0,0,0,175,1.17230451685145e-06
800,640000,3,0,50,0,0,0,200,8.13050131373215e-07
800,640000,3,0,50,0,0,0,225,6.31146999739777e-07
800,640000,3,0,50,0,0,0,250,4.97463905879519e-07
800,640000,2,1,0,2,502,12,0,1
800,640000,2,1,0,2,502,12,5,0.016224665246729
800,640000,2,1,0,2,502,12,10,0.00308838260377755
800,640000,2,1,0,2,502,12,20,0.000484693268145126
800,640000,2,1,0,2,502,12,30,0.000156724714117942
800,640000,2,1,0,2,502,12,50,3.69804378317078e-05
800,640000,2,1,0,2,502,12,75,1.21098499437752e-05
800,640000,2,1,0,2,502,12,100,5.20777450160823e-06
800,640000,2,1,0,2,502,12,125,2.78632070085307e-06
800,640000,2,1,0,2,502,12,150,1.72463945490894e-06
800,640000,2,1,0,2,502,12,175,1.13852503079555e-06
800,640000,2,1,0,2,502,12,200,8.1746509053671e-07
800,640000,2,1,0,2,502,12,225,6.11885157474969e-07
800,640000,2,1,0,2,502,12,250,4.68252189244558e-07
800,640000,2,2,0,2,502,12,0,1
800,640000,2,2,0,2,502,12,5,0.0162410063297794
800,640000,2,2,0,2,502,12,10,0.00307483514428654
800,640000,2,2,0,2,502,12,20,0.000481828734565288
800,640000,2,2,0,2,502,12,30,0.000159910253612048
800,640000,2,2,0,2,502,12,50,3.68298913936948e-05
800,640000,2,2,0,2,502,12,75,1.16296688415641e-05
800,640000,2,2,0,2,502,12,100,5.04325044271389e-06
800,640000,2,2,0,2,502,12,125,2.71936960349448e-06
800,640000,2,2,0,2,502,12,150,1.68787436329502e-06
800,640000,2,2,0,2,502,12,175,1.16054341229224e-06
800,640000,2,2,0,2,502,12,200,8.01589982558104e-07
800,640000,2,2,0,2,502,12,225,5.78181773320922e-07
800,640000,2,2,0,2,502,12,250,4.44338305198069e-07
800,640000,2,3,0,2,502,12,0,1
800,640000,2,3,0,2,502,12,5,0.0162252981819641
800,640000,2,3,0,2,502,12,10,0.00307327703553067
800,640000,2,3,0,2,502,12,20,0.000479601378570589
800,640000,2,3,0,2,502,12,30,0.000159297158036441
800,640000,2,3,0,2,502,12,50,3.75473445477135e-05
800,640000,2,3,0,2,502,12,75,1.21589432034161e-05
800,640000,2,3,0,2,502,12,100,5.23019367176213e-06
800,640000,2,3,0,2,502,12,125,2.67491934619023e-06
800,640000,2,3,0,2,502,12,150,1.65312216239424e-06
800,640000,2,3,0,2,502,12,175,1.16749679275777e-06
800,640000,2,3,0,2,502,12,200,7.86736369364244e-07
800,640000,2,3,0,2,502,12,225,5.99697668084957e-07
800,640000,2,3,0,2,502,12,250,4.56683984809353e-07
800,640000,2,4,0,2,502,12,0,1
800,640000,2,4,0,2,502,12,5,0.0162542262240362
800,640000,2,4,0,2,502,12,10,0.00308177657179887
800,640000,2,4,0,2,502,12,20,0.000485776862027097
800,640000,2,4,0,2,502,12,30,0.000158853652971213
800,640000,2,4,0,2,502,12,50,3.72314166470815e-05
800,640000,2,4,0,2,502,12,75,1.16673458816678e-05
800,640000,2,4,0,2,502,12,100,5.06784067221434e-06
800,640000,2,4,0,2,502,12,125,2.80426046528764e-06
800,640000,2,4,0,2,502,12,150,1.71921172668185e-06
800,640000,2,4,0,2,502,12,175,1.13257230705897e-06
800,640000,2,4,0,2,502,12,200,7.94733232629839e-07
800,640000,2,4,0,2,502,12,225,6.1082716186514e-07
800,640000,2,4,0,2,502,12,250,4.69475729399566e-07
800,640000,2,5,0,2,502,12,0,1
800,640000,2,5,0,2,502,12,5,0.0162257550701068
800,640000,2,5,0,2,502,12,10,0.00309278692688511
800,640000,2,5,0,2,502,12,20,0.000482041995889539
800,640000,2,5,0,2,502,12,30,0.000156462219854419
800,640000,2,5,0,2,502,12,50,3.67478927702349e-05
800,640000,2,5,0,2,502,12,75,1.18678803248566e-05
800,640000,2,5,0,2,502,12,100,5.03183259293298e-06
800,640000,2,5,0,2,502,12,125,2.64842012029915e-06
800,640000,2,5,0,2,502,12,150,1.71179603975548e-06
800,640000,2,5,0,2,502,12,175,1.16720027336612e-06
800,640000,2,5,0,2,502,12,200,8.04009134165523e-07
800,640000,2,5,0,2,502,12,225,6.11180663479242e-07
800,640000,2,5,0,2,502,12,250,4.61745062355352e-07
1000,1000000,1,0,0,0,0,0,0,1
1000,1000000,1,0,0,0,0,0,5,0.0161755208469415
1000,1000000,1,0,0,0,0,0,10,0.00303534493422474
1000,1000000,1,0,0,0,0,0,20,0.000476032358542297
1000,1000000,1,0,0,0,0,0,30,0.00015517599277896
1000,1000000,1,0,0,0,0,0,50,3.5696293261464e-05
1000,1000000,1,0,0,0,0,0,75,1.04524030059959e-05
1000,1000000,1,0,0,0,0,0,100,4.43967909970505e-06
1000,1000000,1,0,0,0,0,0,125,2.31136514594112e-06
1000,1000000,1,0,0,0,0,0,150,1.37148074241392e-06
1000,1000000,1,0,0,0,0,0,175,9.08783725808409e-07
1000,1000000,1,0,0,0,0,0,200,6.31658205784901e-07
1000,1000000,1,0,0,0,0,0,225,4.43375857773927e-07
1000,1000000,1,0,0,0,0,0,250,3.21297735940206e-07
1000,1000000,3,0,50,0,0,0,0,1
1000,1000000,3,0,50,0,0,0,5,0.0161755208469415
1000,1000000,3,0,50,0,0,0,10,0.00303534493422474
1000,1000000,3,0,50,0,0,0,20,0.000476032358542297
1000,1000000,3,0,50,0,0,0,30,0.00015517599277896
1000,1000000,3,0,50,0,0,0,50,3.5696293261464e-05
1000,1000000,3,0,50,0,0,0,75,1.14653703641923e-05
1000,1000000,3,0,50,0,0,0,100,4.59050182772572e-06
1000,1000000,3,0,50,0,0,0,125,2.77378729086116e-06
1000,1000000,3,0,50,0,0,0,150,1.52704506574157e-06
1000,1000000,3,0,50,0,0,0,175,1.12234664274128e-06
1000,1000000,3,0,50,0,0,0,200,7.8952158060847e-07
1000,1000000,3,0,50,0,0,0,225,6.22538567435699e-07
1000,1000000,3,0,50,0,0,0,250,4.90147047534837e-07
1000,1000000,2,1,0,2,502,12,0,1
1000,1000000,2,1,0,2,502,12,5,0.0162204486834017
1000,1000000,2,1,0,2,502,12,10,0.00306870515129865
1000,1000000,2,1,0,2,502,12,20,0.000484498475030686
1000,1000000,2,1,0,2,502,12,30,0.000159895417346499
1000,1000000,2,1,0,2,502,12,50,3.83974351086525e-05
1000,1000000,2,1,0,2,502,12,75,1.1454043819804e-05
1000,1000000,2,1,0,2,502,12,100,5.0747292967758e-06
1000,1000000,2,1,0,2,502,12,125,2.72871311992698e-06
1000,1000000,2,1,0,2,502,12,150,1.66733967829469e-06
1000,1000000,2,1,0,2,502,12,175,1.12695447543566e-06
1000,1000000,2,1,0,2,502,12,200,7.98165792948895e-07
1000,1000000,2,1,0,2,502,12,225,6.12659372888474e-07
1000,1000000,2,1,0,2,502,12,250,4.62987972760309e-07
1000,1000000,2,2,0,2,502,12,0,1
1000,1000000,2,2,0,2,502,12,5,0.0163498750304249
1000,1000000,2,2,0,2,502,12,10,0.00306162494216329
1000,1000000,2,2,0,2,502,12,20,0.000482396988853166
1000,1000000,2,2,0,2,502,12,30,0.000157728383908549
1000,1000000,2,2,0,2,502,12,50,3.74858429220577e-05
1000,1000000,2,2,0,2,502,12,75,1.12978911595584e-05
1000,1000000,2,2,0,2,502,12,100,4.94277164633558e-06
1000,1000000,2,2,0,2,502,12,125,2.70418323818943e-06
1000,1000000,2,2,0,2,502,12,150,1.62424904422714e-06
1000,1000000,2,2,0,2,502,12,175,1.11418974875592e-06
1000,1000000,2,2,0,2,502,12,200,7.95834283043696e-07
1000,1000000,2,2,0,2,502,12,225,5.83231370088895e-07
1000,1000000,2,2,0,2,502,12,250,4.44826300125371e-07
1000,1000000,2,3,0,2,502,12,0,1
1000,1000000,2,3,0,2,502,12,5,0.0162504287585273
1000,1000000,2,3,0,2,502,12,10,0.00307968131460053
1000,1000000,2,3,0,2,502,12,20,0.000484033704669577
1000,1000000,2,3,0,2,502,12,30,0.000160166136166469
1000,1000000,2,3,0,2,502,12,50,3.80161447050012e-05
1000,1000000,2,3,0,2,502,12,75,1.12813438428822e-05
1000,1000000,2,3,0,2,502,12,100,4.88531009801716e-06
1000,1000000,2,3,0,2,502,12,125,2.62829874893756e-06
1000,1000000,2,3,0,2,502,12,150,1.61437331606455e-06
1000,1000000,2,3,0,2,502,12,175,1.09004601183192e-06
1000,1000000,2,3,0,2,502,12,200,7.75305494456591e-07
1000,1000000,2,3,0,2,502,12,225,5.90837287093728e-07
1000,1000000,2,3,0,2,502,12,250,4.6504491706854e-07
1000,1000000,2,4,0,2,502,12,0,1
1000,1000000,2,4,0,2,502,12,5,0.0162245177315258
1000,1000000,2,4,0,2,502,12,10,0.00305514332410571
1000,1000000,2,4,0,2,502,12,20,0.000484536129207946
1000,1000000,2,4,0,2,502,12,30,0.000159461327547859
1000,1000000,2,4,0,2,502,12,50,3.70874011859374e-05
1000,1000000,2,4,0,2,502,12,75,1.16070268194806e-05
1000,1000000,2,4,0,2,502,12,100,4.88701470739714e-06
1000,1000000,2,4,0,2,502,12,125,2.65651807870034e-06
1000,1000000,2,4,0,2,502,12,150,1.62662384549765e-06
1000,1000000,2,4,0,2,502,12,175,1.1455639968502e-06
1000,1000000,2,4,0,2,502,12,200,8.40636763159572e-07
1000,1000000,2,4,0,2,502,12,225,6.4186670139535e-07
1000,1000000,2,4,0,2,502,12,250,4.5999396431102e-07
1000,1000000,2,5,0,2,502,12,0,1
1000,1000000,2,5,0,2,502,12,5,0.016234090142252
1000,1000000,2,5,0,2,502,12,10,0.00305170683183597
1000,1000000,2,5,0,2,502,12,20,0.000488088822634383
1000,1000000,2,5,0,2,502,12,30,0.000159219027472306
1000,1000000,2,5,0,2,502,12,50,3.72291103284381e-05
1000,1000000,2,5,0,2,502,12,75,1.11088435679703e-05
1000,1000000,2,5,0,2,502,12,100,4.93507095884365e-06
1000,1000000,2,5,0,2,502,12,125,2.73158231494073e-06
1000,1000000,2,5,0,2,502,12,150,1.6253895696613e-06
1000,1000000,2,5,0,2,502,12,175,1.08919447094614e-06
1000,1000000,2,5,0,2,502,12,200,8.01146798987493e-07
1000,1000000,2,5,0,2,502,12,225,5.87614271951791e-07
1000,1000000,2,5,0,2,502,12,250,4.3682372842833e-07
