N,layer,timing_block,order_position,method_id,method_name,residual_seed,randomized,completed_iterations,stop_reason,true_relative_residual,independent_preconditioned_relative_residual,computed_internal_relative_residual,maximum_basis_rank,maximum_solution_rank,peak_basis_storage_mib,sketch_matrix_rank,sketch_matrix_condition,basis_orthogonality_error_fro,rank_cap_active,breakdown,memory_limit_active,solver_time_sec,diagnostic_time_sec,wall_time_sec,timing_closure_relative_error,internal_to_independent_residual_ratio,endpoint_relative_drift
150,timing,1,1,fixed,Fixed Tucker GMRES,NaN,0,100,iteration_limit,1.35306417978885e-05,2.42789244973627e-10,8.29656159206691e-11,106,12,190.650520324707,NaN,NaN,NaN,0,0,0,143.100518041667,0.00936833333333333,143.11167525,1.24998536760126e-05,0.341718661918823,0
150,timing,1,2,relaxed,Relaxed Tucker GMRES,NaN,0,100,iteration_limit,0.000241380770036527,5.34893136271908e-08,5.33388683507804e-09,60,50,38.7406921386719,NaN,NaN,NaN,0,0,0,20.3116934583333,0.155184875,20.4685668333333,8.24923412447882e-05,0.0997187376950488,0
150,timing,1,3,plain,Plain Tucker sGMRES,101,1,100,iteration_limit,1.35849462714117e-05,2.54314668921388e-10,7.69901614930871e-11,44,12,37.1185073852539,100,1199.39843341628,1.35332873851923e-09,0,0,0,12.7440927083333,2.791108625,15.5352084583333,4.58635622331068e-07,0.302735826523973,0
150,timing,1,4,rhosvd_sgmres,RHOSVD Tucker sGMRES,101,1,100,iteration_limit,1.35745813223337e-05,1.18251092853425e-10,7.69950476928952e-11,52,12,46.3774871826172,100,1199.39869920252,1.00922472109766e-09,0,0,0,15.6545829166667,0.974707,16.6293218333333,1.91930055744738e-06,0.651114893190309,0
150,timing,2,1,relaxed,Relaxed Tucker GMRES,NaN,0,100,iteration_limit,0.000241380770036527,5.34893136271908e-08,5.33388683507804e-09,60,50,38.7406921386719,NaN,NaN,NaN,0,0,0,19.9758559166667,0.149308916666667,20.126580625,7.03443716069189e-05,0.0997187376950488,0
150,timing,2,2,plain,Plain Tucker sGMRES,101,1,100,iteration_limit,1.35849462714117e-05,2.54314668921388e-10,7.69901614930871e-11,44,12,37.1185073852539,100,1199.39843341628,1.35332873851923e-09,0,0,0,13.4083999166667,3.15867758333333,16.56709,7.54507882794798e-07,0.302735826523973,0
150,timing,2,3,rhosvd_sgmres,RHOSVD Tucker sGMRES,101,1,100,iteration_limit,1.35745813223337e-05,1.18251092853425e-10,7.69950476928952e-11,52,12,46.3774871826172,100,1199.39869920252,1.00922472109766e-09,0,0,0,16.002633875,1.00041879166667,17.0030737916667,1.24242241471e-06,0.651114893190309,0
150,timing,2,4,fixed,Fixed Tucker GMRES,NaN,0,100,iteration_limit,1.35306417978885e-05,2.42789244973627e-10,8.29656159206691e-11,106,12,190.650520324707,NaN,NaN,NaN,0,0,0,144.329348541667,0.00932095833333333,144.340564375,1.3127806505369e-05,0.341718661918823,0
150,timing,3,1,plain,Plain Tucker sGMRES,101,1,100,iteration_limit,1.35849462714117e-05,2.54314668921388e-10,7.69901614930871e-11,44,12,37.1185073852539,100,1199.39843341628,1.35332873851923e-09,0,0,0,13.2185446666667,2.83602854166667,16.0545945416667,1.3287992591955e-06,0.302735826523973,0
150,timing,3,2,rhosvd_sgmres,RHOSVD Tucker sGMRES,101,1,100,iteration_limit,1.35745813223337e-05,1.18251092853425e-10,7.69950476928952e-11,52,12,46.3774871826172,100,1199.39869920252,1.00922472109766e-09,0,0,0,15.9066224583333,0.967661916666667,16.8743015416667,1.0173260579843e-06,0.651114893190309,0
150,timing,3,3,fixed,Fixed Tucker GMRES,NaN,0,100,iteration_limit,1.35306417978885e-05,2.42789244973627e-10,8.29656159206691e-11,106,12,190.650520324707,NaN,NaN,NaN,0,0,0,140.245755458333,0.00914216666666667,140.256831291667,1.37866130926051e-05,0.341718661918823,0
150,timing,3,4,relaxed,Relaxed Tucker GMRES,NaN,0,100,iteration_limit,0.000241380770036527,5.34893136271908e-08,5.33388683507804e-09,60,50,38.7406921386719,NaN,NaN,NaN,0,0,0,20.378335125,0.152116875,20.5318958333333,7.03214815157384e-05,0.0997187376950488,0
150,timing,4,1,rhosvd_sgmres,RHOSVD Tucker sGMRES,101,1,100,iteration_limit,1.35745813223337e-05,1.18251092853425e-10,7.69950476928952e-11,52,12,46.3774871826172,100,1199.39869920252,1.00922472109766e-09,0,0,0,15.5482592083333,0.972320041666667,16.5206055416667,1.59144691152388e-06,0.651114893190309,0
150,timing,4,2,fixed,Fixed Tucker GMRES,NaN,0,100,iteration_limit,1.35306417978885e-05,2.42789244973627e-10,8.29656159206691e-11,106,12,190.650520324707,NaN,NaN,NaN,0,0,0,144.633549833333,0.00895058333333333,144.644610083333,1.45851730352436e-05,0.341718661918823,0
150,timing,4,3,relaxed,Relaxed Tucker GMRES,NaN,0,100,iteration_limit,0.000241380770036527,5.34893136271908e-08,5.33388683507804e-09,60,50,38.7406921386719,NaN,NaN,NaN,0,0,0,20.6070395833333,0.146381875,20.7546902916667,6.11347755858003e-05,0.0997187376950488,0
150,timing,4,4,plain,Plain Tucker sGMRES,101,1,100,iteration_limit,1.35849462714117e-05,2.54314668921388e-10,7.69901614930871e-11,44,12,37.1185073852539,100,1199.39843341628,1.35332873851923e-09,0,0,0,12.804171875,2.90932270833333,15.7135056666667,7.05338042855675e-07,0.302735826523973,0
200,timing,1,1,fixed,Fixed Tucker GMRES,NaN,0,100,iteration_limit,2.4315885046627e-05,3.2585409525358e-10,1.27246573498741e-10,118,13,270.708763122559,NaN,NaN,NaN,0,0,0,191.684612458333,0.0117785416666667,191.698153125,9.19218558563031e-06,0.390501685730594,0
200,timing,1,2,relaxed,Relaxed Tucker GMRES,NaN,0,100,iteration_limit,0.000368419217519954,5.4876633868715e-08,6.64577580959499e-09,64,49,51.5406265258789,NaN,NaN,NaN,0,0,0,25.1176348333333,0.168438041666667,25.287574125,5.93671023000372e-05,0.121103926044264,0
200,timing,1,3,plain,Plain Tucker sGMRES,101,1,100,iteration_limit,2.42172450795112e-05,3.45247662230721e-10,9.2094633567861e-11,46,13,43.8169860839844,100,1573.81158458172,5.91516602031656e-10,0,0,0,18.9666290416667,6.07628241666667,25.0429231666667,4.67530617574032e-07,0.266749477672977,0
200,timing,1,4,rhosvd_sgmres,RHOSVD Tucker sGMRES,101,1,100,iteration_limit,2.41789556572979e-05,1.79472502733388e-10,9.20633046664236e-11,53,12,52.5223083496094,100,1573.81203338319,1.03537839243834e-10,0,0,0,16.6301690416667,1.04515304166667,17.6753394583333,9.83007994974473e-07,0.512966071483309,0
200,timing,2,1,relaxed,Relaxed Tucker GMRES,NaN,0,100,iteration_limit,0.000368419217519954,5.4876633868715e-08,6.64577580959499e-09,64,49,51.5406265258789,NaN,NaN,NaN,0,0,0,24.77460075,0.170512416666667,24.9463673333333,5.0274520931449e-05,0.121103926044264,0
200,timing,2,2,plain,Plain Tucker sGMRES,101,1,100,iteration_limit,2.42172450795112e-05,3.45247662230721e-10,9.2094633567861e-11,46,13,43.8169860839844,100,1573.81158458172,5.91516602031656e-10,0,0,0,18.8998550416667,5.96797608333333,24.867843,4.77524327381065e-07,0.266749477672977,0
200,timing,2,3,rhosvd_sgmres,RHOSVD Tucker sGMRES,101,1,100,iteration_limit,2.41789556572979e-05,1.79472502733388e-10,9.20633046664236e-11,53,12,52.5223083496094,100,1573.81203338319,1.03537839243834e-10,0,0,0,16.6349267916667,1.05386516666667,17.6888241666667,1.8208295264872e-06,0.512966071483309,0
200,timing,2,4,fixed,Fixed Tucker GMRES,NaN,0,100,iteration_limit,2.4315885046627e-05,3.2585409525358e-10,1.27246573498741e-10,118,13,270.708763122559,NaN,NaN,NaN,0,0,0,199.743515166667,0.0110037083333333,199.756411958333,9.47695903610846e-06,0.390501685730594,0
200,timing,3,1,plain,Plain Tucker sGMRES,101,1,100,iteration_limit,2.42172450795112e-05,3.45247662230721e-10,9.2094633567861e-11,46,13,43.8169860839844,100,1573.81158458172,5.91516602031656e-10,0,0,0,19.6973600416667,5.98623283333333,25.6836275416667,1.34975741299906e-06,0.266749477672977,0
200,timing,3,2,rhosvd_sgmres,RHOSVD Tucker sGMRES,101,1,100,iteration_limit,2.41789556572979e-05,1.79472502733388e-10,9.20633046664236e-11,53,12,52.5223083496094,100,1573.81203338319,1.03537839243834e-10,0,0,0,16.9706995,1.02668208333333,17.9974087916667,1.51179170575697e-06,0.512966071483309,0
200,timing,3,3,fixed,Fixed Tucker GMRES,NaN,0,100,iteration_limit,2.4315885046627e-05,3.2585409525358e-10,1.27246573498741e-10,118,13,270.708763122559,NaN,NaN,NaN,0,0,0,199.04723125,0.01061,199.05961325,8.90185593673615e-06,0.390501685730594,0
200,timing,3,4,relaxed,Relaxed Tucker GMRES,NaN,0,100,iteration_limit,0.000368419217519954,5.4876633868715e-08,6.64577580959499e-09,64,49,51.5406265258789,NaN,NaN,NaN,0,0,0,24.738747875,0.170704708333333,24.9105096666667,4.24352350667875e-05,0.121103926044264,0
200,timing,4,1,rhosvd_sgmres,RHOSVD Tucker sGMRES,101,1,100,iteration_limit,2.41789556572979e-05,1.79472502733388e-10,9.20633046664236e-11,53,12,52.5223083496094,100,1573.81203338319,1.03537839243834e-10,0,0,0,16.7650795833333,1.05346216666667,17.8185581666667,9.21324077606672e-07,0.512966071483309,0
200,timing,4,2,fixed,Fixed Tucker GMRES,NaN,0,100,iteration_limit,2.4315885046627e-05,3.2585409525358e-10,1.27246573498741e-10,118,13,270.708763122559,NaN,NaN,NaN,0,0,0,196.351764416667,0.00994175,196.363328916667,8.26401756828722e-06,0.390501685730594,0
200,timing,4,3,relaxed,Relaxed Tucker GMRES,NaN,0,100,iteration_limit,0.000368419217519954,5.4876633868715e-08,6.64577580959499e-09,64,49,51.5406265258789,NaN,NaN,NaN,0,0,0,24.709781875,0.17074175,24.88160875,4.36115289370392e-05,0.121103926044264,0
200,timing,4,4,plain,Plain Tucker sGMRES,101,1,100,iteration_limit,2.42172450795112e-05,3.45247662230721e-10,9.2094633567861e-11,46,13,43.8169860839844,100,1573.81158458172,5.91516602031656e-10,0,0,0,21.2540927083333,6.13425966666667,27.3883689583333,6.05488167533792e-07,0.266749477672977,0
250,timing,1,1,fixed,Fixed Tucker GMRES,NaN,0,100,iteration_limit,3.35835248971725e-05,3.85308378331198e-10,1.64034021352596e-10,127,14,319.687339782715,NaN,NaN,NaN,0,0,0,223.481637375,0.01202475,223.495700291667,9.11948938627678e-06,0.425721397658262,0
250,timing,1,2,relaxed,Relaxed Tucker GMRES,NaN,0,100,iteration_limit,0.00044254701462563,6.30547719327245e-08,6.7145059794038e-09,66,51,60.8095779418945,NaN,NaN,NaN,0,0,0,27.3285756666667,0.215180291666667,27.5451897083333,5.20508304787683e-05,0.106486880748181,0
250,timing,1,3,plain,Plain Tucker sGMRES,101,1,100,iteration_limit,3.45734583576431e-05,3.95821774454097e-10,9.9396458978546e-11,50,14,51.5673828125,100,1473.74759800073,1.03709540764024e-10,0,0,0,24.82892325,12.525904875,37.354842875,3.94861786809645e-07,0.251114176615548,0
250,timing,1,4,rhosvd_sgmres,RHOSVD Tucker sGMRES,101,1,100,iteration_limit,3.44934662906617e-05,1.97522223719275e-10,9.94083377277755e-11,55,13,63.4232864379883,100,1473.74823301871,9.7700212835108e-11,0,0,0,19.1557677916667,1.14362445833333,20.2994493333333,2.81206314494153e-06,0.503276724289302,0
250,timing,2,1,relaxed,Relaxed Tucker GMRES,NaN,0,100,iteration_limit,0.00044254701462563,6.30547719327245e-08,6.7145059794038e-09,66,51,60.8095779418945,NaN,NaN,NaN,0,0,0,27.7549240416667,0.228577458333333,27.9854770416667,7.05916738074302e-05,0.106486880748181,0
250,timing,2,2,plain,Plain Tucker sGMRES,101,1,100,iteration_limit,3.45734583576431e-05,3.95821774454097e-10,9.9396458978546e-11,50,14,51.5673828125,100,1473.74759800073,1.03709540764024e-10,0,0,0,24.7273844583333,11.5622367916667,36.289645375,6.64790183265503e-07,0.251114176615548,0
250,timing,2,3,rhosvd_sgmres,RHOSVD Tucker sGMRES,101,1,100,iteration_limit,3.44934662906617e-05,1.97522223719275e-10,9.94083377277755e-11,55,13,63.4232864379883,100,1473.74823301871,9.7700212835108e-11,0,0,0,19.3366912083333,1.24283225,20.5795765,2.57739349821345e-06,0.503276724289302,0
250,timing,2,4,fixed,Fixed Tucker GMRES,NaN,0,100,iteration_limit,3.35835248971725e-05,3.85308378331198e-10,1.64034021352596e-10,127,14,319.687339782715,NaN,NaN,NaN,0,0,0,224.366424166667,0.0147985,224.383713041667,1.10987333539547e-05,0.425721397658262,0
250,timing,3,1,plain,Plain Tucker sGMRES,101,1,100,iteration_limit,3.45734583576431e-05,3.95821774454097e-10,9.9396458978546e-11,50,14,51.5673828125,100,1473.74759800073,1.03709540764024e-10,0,0,0,27.524812375,12.440810875,39.96564,4.19110015511897e-07,0.251114176615548,0
250,timing,3,2,rhosvd_sgmres,RHOSVD Tucker sGMRES,101,1,100,iteration_limit,3.44934662906617e-05,1.97522223719275e-10,9.94083377277755e-11,55,13,63.4232864379883,100,1473.74823301871,9.7700212835108e-11,0,0,0,18.5303969166667,1.15186345833333,19.6822798333333,9.8862192267723e-07,0.503276724289302,0
250,timing,3,3,fixed,Fixed Tucker GMRES,NaN,0,100,iteration_limit,3.35835248971725e-05,3.85308378331198e-10,1.64034021352596e-10,127,14,319.687339782715,NaN,NaN,NaN,0,0,0,222.178873166667,0.0122282916666667,222.193251916667,9.6783242281361e-06,0.425721397658262,0
250,timing,3,4,relaxed,Relaxed Tucker GMRES,NaN,0,100,iteration_limit,0.00044254701462563,6.30547719327245e-08,6.7145059794038e-09,66,51,60.8095779418945,NaN,NaN,NaN,0,0,0,26.8127499166667,0.202207916666667,27.0161456666667,4.39675351171178e-05,0.106486880748181,0
250,timing,4,1,rhosvd_sgmres,RHOSVD Tucker sGMRES,101,1,100,iteration_limit,3.44934662906617e-05,1.97522223719275e-10,9.94083377277755e-11,55,13,63.4232864379883,100,1473.74823301871,9.7700212835108e-11,0,0,0,19.1173664583333,1.151572,20.2690102083333,3.53988671691982e-06,0.503276724289302,0
250,timing,4,2,fixed,Fixed Tucker GMRES,NaN,0,100,iteration_limit,3.35835248971725e-05,3.85308378331198e-10,1.64034021352596e-10,127,14,319.687339782715,NaN,NaN,NaN,0,0,0,216.099449083333,0.0131402083333333,216.114894291667,1.06656230594223e-05,0.425721397658262,0
250,timing,4,3,relaxed,Relaxed Tucker GMRES,NaN,0,100,iteration_limit,0.00044254701462563,6.30547719327245e-08,6.7145059794038e-09,66,51,60.8095779418945,NaN,NaN,NaN,0,0,0,27.8625106666667,0.210934916666667,28.0746059583333,4.13318356710998e-05,0.106486880748181,0
250,timing,4,4,plain,Plain Tucker sGMRES,101,1,100,iteration_limit,3.45734583576431e-05,3.95821774454097e-10,9.9396458978546e-11,50,14,51.5673828125,100,1473.74759800073,1.03709540764024e-10,0,0,0,23.8920780416667,11.4253713333333,35.3174651666667,4.4713476999489e-07,0.251114176615548,0
