N,block_index,order_position,method_id,phase,time_sec,percent_of_solver_time
150,1,1,fixed,initial_residual,0.000130916666666667,9.14858090370767e-05
150,1,1,fixed,operator_and_preconditioner,12.4967355416667,8.73283738779197
150,1,1,fixed,residual_sketch,0,0
150,1,1,fixed,orthogonalisation_inner_products,1.09609195833333,0.765959462155255
150,1,1,fixed,tucker_sums_and_rounding,128.108193416666,89.5232212781823
150,1,1,fixed,small_least_squares,0.0102457916666667,0.00715985644697903
150,1,1,fixed,basis_normalisation,0.00411145833333333,0.00287312610016981
150,1,1,fixed,solution_assembly,1.07601620833333,0.751930337540797
150,1,1,fixed,unclassified_solver_overhead,0.308992750000186,0.215927065973456
150,1,2,relaxed,initial_residual,0.0005595,0.0027545709132906
150,1,2,relaxed,operator_and_preconditioner,3.04448979166667,14.9888525932711
150,1,2,relaxed,residual_sketch,0,0
150,1,2,relaxed,orthogonalisation_inner_products,0.367648666666667,1.81003453710469
150,1,2,relaxed,tucker_sums_and_rounding,15.632288375,76.9620140588844
150,1,2,relaxed,small_least_squares,0.010240375,0.050416155703643
150,1,2,relaxed,basis_normalisation,0.00246120833333333,0.0121171990823029
150,1,2,relaxed,solution_assembly,1.05226045833333,5.18056488245011
150,1,2,relaxed,unclassified_solver_overhead,0.201745083333321,0.993246002590449
150,1,3,plain,initial_residual,0.000903375,0.00708857837646838
150,1,3,plain,operator_and_preconditioner,0.225371166666667,1.76843634007227
150,1,3,plain,residual_sketch,2.03940604166667,16.0027558519965
150,1,3,plain,orthogonalisation_inner_products,0.15934675,1.25035774336296
150,1,3,plain,tucker_sums_and_rounding,9.67945791666667,75.9525070806907
150,1,3,plain,small_least_squares,0.0274665416666667,0.215523712007418
150,1,3,plain,basis_normalisation,0.00236366666666667,0.0185471553037359
150,1,3,plain,solution_assembly,0.338355208333333,2.65499644483976
150,1,3,plain,unclassified_solver_overhead,0.271422041666664,2.12978709335018
150,1,4,rhosvd_sgmres,initial_residual,0,0
150,1,4,rhosvd_sgmres,operator_and_preconditioner,0.226715375,1.44823644428513
150,1,4,rhosvd_sgmres,residual_sketch,0.68456675,4.37294786864731
150,1,4,rhosvd_sgmres,orthogonalisation_inner_products,0.0249789166666667,0.159562965041201
150,1,4,rhosvd_sgmres,tucker_sums_and_rounding,10.67830775,68.2120233214986
150,1,4,rhosvd_sgmres,small_least_squares,0.0285060416666667,0.182093907058473
150,1,4,rhosvd_sgmres,basis_normalisation,0.00217445833333333,0.0138902348590731
150,1,4,rhosvd_sgmres,solution_assembly,3.91905395833333,25.0345472581126
150,1,4,rhosvd_sgmres,unclassified_solver_overhead,0.0902796666666692,0.576698000497687
150,2,1,relaxed,initial_residual,0.000189041666666667,0.000946350771928333
150,2,1,relaxed,operator_and_preconditioner,2.95666704166667,14.8012032826078
150,2,1,relaxed,residual_sketch,0,0
150,2,1,relaxed,orthogonalisation_inner_products,0.348026291666666,1.74223469131199
150,2,1,relaxed,tucker_sums_and_rounding,15.39559825,77.0710317206225
150,2,1,relaxed,small_least_squares,0.010748,0.0538049535641299
150,2,1,relaxed,basis_normalisation,0.00235233333333333,0.0117758825611607
150,2,1,relaxed,solution_assembly,1.06121233333333,5.31247490851153
150,2,1,relaxed,unclassified_solver_overhead,0.201062624999995,1.00652821004901
150,2,2,plain,initial_residual,0.000563625,0.00420352169910604
150,2,2,plain,operator_and_preconditioner,0.244164041666667,1.82097821652209
150,2,2,plain,residual_sketch,2.0932205,15.611262440033
150,2,2,plain,orthogonalisation_inner_products,0.173942416666667,1.29726453378271
150,2,2,plain,tucker_sums_and_rounding,10.2319194166667,76.309772085097
150,2,2,plain,small_least_squares,0.0285275,0.212758421417162
150,2,2,plain,basis_normalisation,0.00230608333333333,0.0171987958866506
150,2,2,plain,solution_assembly,0.345482291666667,2.57661088432507
150,2,2,plain,unclassified_solver_overhead,0.288274041666664,2.14995110123721
150,2,3,rhosvd_sgmres,initial_residual,0,0
150,2,3,rhosvd_sgmres,operator_and_preconditioner,0.237465833333333,1.48391718006067
150,2,3,rhosvd_sgmres,residual_sketch,0.712751125,4.45396133266218
150,2,3,rhosvd_sgmres,orthogonalisation_inner_products,0.0283390833333333,0.17709011875605
150,2,3,rhosvd_sgmres,tucker_sums_and_rounding,11.0396474583333,68.986440260812
150,2,3,rhosvd_sgmres,small_least_squares,0.0286634583333333,0.179117128825353
150,2,3,rhosvd_sgmres,basis_normalisation,0.00245341666666667,0.0153313303661812
150,2,3,rhosvd_sgmres,solution_assembly,3.861996375,24.1335045541058
150,2,3,rhosvd_sgmres,unclassified_solver_overhead,0.0913171249999962,0.570638094411794
150,2,4,fixed,initial_residual,0.000143083333333333,9.91366861827318e-05
150,2,4,fixed,operator_and_preconditioner,12.737309625,8.82516948472392
150,2,4,fixed,residual_sketch,0,0
150,2,4,fixed,orthogonalisation_inner_products,1.18597895833333,0.821717114583213
150,2,4,fixed,tucker_sums_and_rounding,128.95965475,89.3509574130523
150,2,4,fixed,small_least_squares,0.010416,0.00721682741954107
150,2,4,fixed,basis_normalisation,0.0043595,0.00302052219042716
150,2,4,fixed,solution_assembly,1.07294945833333,0.743403520610766
150,2,4,fixed,unclassified_solver_overhead,0.358537166666309,0.248415980733678
150,3,1,plain,initial_residual,0.000488333333333333,0.0036943048243788
150,3,1,plain,operator_and_preconditioner,0.228595375,1.72935357684611
150,3,1,plain,residual_sketch,2.02055416666667,15.2857535955673
150,3,1,plain,orthogonalisation_inner_products,0.17825225,1.34850132518371
150,3,1,plain,tucker_sums_and_rounding,10.1584367083333,76.8498875216571
150,3,1,plain,small_least_squares,0.0280775833333333,0.212410549280337
150,3,1,plain,basis_normalisation,0.00222166666666667,0.0168071956685902
150,3,1,plain,solution_assembly,0.3241955,2.45258088674109
150,3,1,plain,unclassified_solver_overhead,0.27772308333333,2.10101104423142
150,3,2,rhosvd_sgmres,initial_residual,0,0
150,3,2,rhosvd_sgmres,operator_and_preconditioner,0.22538975,1.41695542589508
150,3,2,rhosvd_sgmres,residual_sketch,0.68849,4.32832301013913
150,3,2,rhosvd_sgmres,orthogonalisation_inner_products,0.0250917083333333,0.157743785011934
150,3,2,rhosvd_sgmres,tucker_sums_and_rounding,10.8112522083333,67.9669881940865
150,3,2,rhosvd_sgmres,small_least_squares,0.0285794166666667,0.179669925161857
150,3,2,rhosvd_sgmres,basis_normalisation,0.00221891666666667,0.0139496406133924
150,3,2,rhosvd_sgmres,solution_assembly,4.03758329166667,25.3830334016095
150,3,2,rhosvd_sgmres,unclassified_solver_overhead,0.0880171666666687,0.553336617482597
150,3,3,fixed,initial_residual,0.000157791666666667,0.000112510832253705
150,3,3,fixed,operator_and_preconditioner,12.3067862916667,8.77515775892624
150,3,3,fixed,residual_sketch,0,0
150,3,3,fixed,orthogonalisation_inner_products,1.05086420833333,0.749301969887809
150,3,3,fixed,tucker_sums_and_rounding,125.462687791667,89.4591692858337
150,3,3,fixed,small_least_squares,0.0101647083333333,0.0072477832217555
150,3,3,fixed,basis_normalisation,0.00415304166666667,0.00296126014872552
150,3,3,fixed,solution_assembly,1.090559375,0.777605975621845
150,3,3,fixed,unclassified_solver_overhead,0.320382249999938,0.228443455527695
150,3,4,relaxed,initial_residual,0.000185333333333333,0.000909462584634638
150,3,4,relaxed,operator_and_preconditioner,3.04502783333333,14.9424759905814
150,3,4,relaxed,residual_sketch,0,0
150,3,4,relaxed,orthogonalisation_inner_products,0.364706791666666,1.78967903623906
150,3,4,relaxed,tucker_sums_and_rounding,15.7217431666666,77.1493013056759
150,3,4,relaxed,small_least_squares,0.00973479166666667,0.0477702992268691
150,3,4,relaxed,basis_normalisation,0.00191454166666667,0.00939498567926641
150,3,4,relaxed,solution_assembly,1.03739979166667,5.09069943792411
150,3,4,relaxed,unclassified_solver_overhead,0.197622875000032,0.969769482088799
150,4,1,rhosvd_sgmres,initial_residual,0,0
150,4,1,rhosvd_sgmres,operator_and_preconditioner,0.22450525,1.44392531017024
150,4,1,rhosvd_sgmres,residual_sketch,0.672318625,4.32407651552182
150,4,1,rhosvd_sgmres,orthogonalisation_inner_products,0.0233494166666667,0.150173832027139
150,4,1,rhosvd_sgmres,tucker_sums_and_rounding,10.6269906666667,68.3484274623552
150,4,1,rhosvd_sgmres,small_least_squares,0.028180375,0.18124456649717
150,4,1,rhosvd_sgmres,basis_normalisation,0.00201766666666667,0.0129768010658406
150,4,1,rhosvd_sgmres,solution_assembly,3.88538020833333,24.989165386765
150,4,1,rhosvd_sgmres,unclassified_solver_overhead,0.0855169999999976,0.55001012559762
150,4,2,fixed,initial_residual,0.000135708333333333,9.3829082871654e-05
150,4,2,fixed,operator_and_preconditioner,12.4372402083333,8.5991391504013
150,4,2,fixed,residual_sketch,0,0
150,4,2,fixed,orthogonalisation_inner_products,1.19649520833333,0.827259795332479
150,4,2,fixed,tucker_sums_and_rounding,129.585889791667,89.596010013578
150,4,2,fixed,small_least_squares,0.0120201666666667,0.00831077345506486
150,4,2,fixed,basis_normalisation,0.00452466666666667,0.00312836590948684
150,4,2,fixed,solution_assembly,1.07462054166667,0.742995344375487
150,4,2,fixed,unclassified_solver_overhead,0.322623541666673,0.223062727865315
150,4,3,relaxed,initial_residual,0.000164458333333333,0.000798068702048521
150,4,3,relaxed,operator_and_preconditioner,3.03989966666667,14.7517534208324
150,4,3,relaxed,residual_sketch,0,0
150,4,3,relaxed,orthogonalisation_inner_products,0.400041333333335,1.94128482995142
150,4,3,relaxed,tucker_sums_and_rounding,15.8705584166666,77.0152275026563
150,4,3,relaxed,small_least_squares,0.009754375,0.0473351592331059
150,4,3,relaxed,basis_normalisation,0.002061375,0.0100032563710277
150,4,3,relaxed,solution_assembly,1.07090408333333,5.19678762688195
150,4,3,relaxed,unclassified_solver_overhead,0.21365587500005,1.03681013537166
150,4,4,plain,initial_residual,0.000496458333333333,0.00387731700402009
150,4,4,plain,operator_and_preconditioner,0.223720083333333,1.74724367586899
150,4,4,plain,residual_sketch,1.99963729166667,15.6170763028489
150,4,4,plain,orthogonalisation_inner_products,0.168565041666667,1.31648530894675
150,4,4,plain,tucker_sums_and_rounding,9.77342091666666,76.3299728563403
150,4,4,plain,small_least_squares,0.0278217916666667,0.217286927559824
150,4,4,plain,basis_normalisation,0.00205858333333333,0.0160774422073535
150,4,4,plain,solution_assembly,0.331817541666667,2.59147990909538
150,4,4,plain,unclassified_solver_overhead,0.276634166666669,2.16050026012845
200,1,1,fixed,initial_residual,0.000161083333333333,8.40356099884377e-05
200,1,1,fixed,operator_and_preconditioner,20.915397875,10.9113598670036
200,1,1,fixed,residual_sketch,0,0
200,1,1,fixed,orthogonalisation_inner_products,1.37953208333334,0.719688484975917
200,1,1,fixed,tucker_sums_and_rounding,167.500423,87.3833433220468
200,1,1,fixed,small_least_squares,0.0104541666666667,0.00545383718212597
200,1,1,fixed,basis_normalisation,0.00496675,0.00259110522034189
200,1,1,fixed,solution_assembly,1.527447125,0.796854325138916
200,1,1,fixed,unclassified_solver_overhead,0.34623037499972,0.18062502282231
200,1,2,relaxed,initial_residual,0.000149083333333333,0.000593540491859873
200,1,2,relaxed,operator_and_preconditioner,4.05682120833333,16.1512866766801
200,1,2,relaxed,residual_sketch,0,0
200,1,2,relaxed,orthogonalisation_inner_products,0.424785958333333,1.69118613735719
200,1,2,relaxed,tucker_sums_and_rounding,19.1468778333334,76.2288247296428
200,1,2,relaxed,small_least_squares,0.010018125,0.0398848262046754
200,1,2,relaxed,basis_normalisation,0.00243183333333333,0.00968177676548619
200,1,2,relaxed,solution_assembly,1.25566870833333,4.99915185751068
200,1,2,relaxed,unclassified_solver_overhead,0.220882083333308,0.879390455347243
200,1,3,plain,initial_residual,0.000537625,0.00283458383046836
200,1,3,plain,operator_and_preconditioner,0.268159166666667,1.41384726868208
200,1,3,plain,residual_sketch,2.08273104166667,10.9810290331046
200,1,3,plain,orthogonalisation_inner_products,0.194503125,1.02550181464881
200,1,3,plain,tucker_sums_and_rounding,15.7062949166667,82.8101550473858
200,1,3,plain,small_least_squares,0.0294141666666667,0.155083787435545
200,1,3,plain,basis_normalisation,0.00219354166666667,0.0115652689882203
200,1,3,plain,solution_assembly,0.370807416666667,1.95505176935797
200,1,3,plain,unclassified_solver_overhead,0.311988041666666,1.64493142656651
200,1,4,rhosvd_sgmres,initial_residual,0,0
200,1,4,rhosvd_sgmres,operator_and_preconditioner,0.273888458333333,1.64693730801599
200,1,4,rhosvd_sgmres,residual_sketch,0.710386916666667,4.27167586142271
200,1,4,rhosvd_sgmres,orthogonalisation_inner_products,0.0275590416666667,0.165717146937099
200,1,4,rhosvd_sgmres,tucker_sums_and_rounding,11.4885134583333,69.0823612769601
200,1,4,rhosvd_sgmres,small_least_squares,0.0288495,0.173476889667916
200,1,4,rhosvd_sgmres,basis_normalisation,0.00234883333333333,0.0141239293927101
200,1,4,rhosvd_sgmres,solution_assembly,4.00637333333333,24.0909958479401
200,1,4,rhosvd_sgmres,unclassified_solver_overhead,0.0922494999999941,0.554711739663405
200,2,1,relaxed,initial_residual,0.000141333333333333,0.000570476734456895
200,2,1,relaxed,operator_and_preconditioner,3.83501695833333,15.4796317286095
200,2,1,relaxed,residual_sketch,0,0
200,2,1,relaxed,orthogonalisation_inner_products,0.412150750000001,1.66360198559406
200,2,1,relaxed,tucker_sums_and_rounding,19.0310210833333,76.8166610448133
200,2,1,relaxed,small_least_squares,0.00975433333333333,0.0393723129255003
200,2,1,relaxed,basis_normalisation,0.002469,0.00996585182104297
200,2,1,relaxed,solution_assembly,1.26921291666667,5.12304084927248
200,2,1,relaxed,unclassified_solver_overhead,0.214834375000052,0.867155750229606
200,2,2,plain,initial_residual,0.000441166666666667,0.0023342330705398
200,2,2,plain,operator_and_preconditioner,0.271034833333333,1.43405773608215
200,2,2,plain,residual_sketch,2.07056291666667,10.9554433729883
200,2,2,plain,orthogonalisation_inner_products,0.192549208333333,1.01878669391294
200,2,2,plain,tucker_sums_and_rounding,15.6503799166667,82.8068780536348
200,2,2,plain,small_least_squares,0.0285711666666667,0.151171353450482
200,2,2,plain,basis_normalisation,0.00216308333333333,0.0114449731416701
200,2,2,plain,solution_assembly,0.369989375,1.95763075528527
200,2,2,plain,unclassified_solver_overhead,0.314163375000003,1.66225282843386
200,2,3,rhosvd_sgmres,initial_residual,0,0
200,2,3,rhosvd_sgmres,operator_and_preconditioner,0.27763825,1.66900794621521
200,2,3,rhosvd_sgmres,residual_sketch,0.721324125,4.33620258167502
200,2,3,rhosvd_sgmres,orthogonalisation_inner_products,0.028441125,0.170972348458111
200,2,3,rhosvd_sgmres,tucker_sums_and_rounding,11.466660625,68.931235878623
200,2,3,rhosvd_sgmres,small_least_squares,0.0290376666666667,0.174558427760639
200,2,3,rhosvd_sgmres,basis_normalisation,0.00249466666666667,0.0149965593351236
200,2,3,rhosvd_sgmres,solution_assembly,4.015172625,24.1370020757255
200,2,3,rhosvd_sgmres,unclassified_solver_overhead,0.0941577083333343,0.56602418220742
200,2,4,fixed,initial_residual,0.000149916666666667,7.50545851471452e-05
200,2,4,fixed,operator_and_preconditioner,22.0798331666667,11.0540926188483
200,2,4,fixed,residual_sketch,0,0
200,2,4,fixed,orthogonalisation_inner_products,1.527106,0.76453345618043
200,2,4,fixed,tucker_sums_and_rounding,174.229588875,87.2266560091436
200,2,4,fixed,small_least_squares,0.0106355416666667,0.00532459922806121
200,2,4,fixed,basis_normalisation,0.00560391666666667,0.00280555624646474
200,2,4,fixed,solution_assembly,1.501540375,0.751734229643005
200,2,4,fixed,unclassified_solver_overhead,0.389057375000021,0.19477847612494
200,3,1,plain,initial_residual,0.000521125,0.00264565910811216
200,3,1,plain,operator_and_preconditioner,0.282691666666667,1.43517540456527
200,3,1,plain,residual_sketch,2.12922383333333,10.8096913943254
200,3,1,plain,orthogonalisation_inner_products,0.20117275,1.02131833694693
200,3,1,plain,tucker_sums_and_rounding,16.33502175,82.930005419233
200,3,1,plain,small_least_squares,0.0286325416666667,0.145362330820471
200,3,1,plain,basis_normalisation,0.0022775,0.0115624631685785
200,3,1,plain,solution_assembly,0.395645708333333,2.00862302103636
200,3,1,plain,unclassified_solver_overhead,0.322173166666666,1.63561597079588
200,3,2,rhosvd_sgmres,initial_residual,0,0
200,3,2,rhosvd_sgmres,operator_and_preconditioner,0.272279916666667,1.60441186685715
200,3,2,rhosvd_sgmres,residual_sketch,0.724981166666667,4.2719580690629
200,3,2,rhosvd_sgmres,orthogonalisation_inner_products,0.03041,0.179191199514198
200,3,2,rhosvd_sgmres,tucker_sums_and_rounding,11.6587279583333,68.6991597390157
200,3,2,rhosvd_sgmres,small_least_squares,0.0294977083333333,0.173815512633014
200,3,2,rhosvd_sgmres,basis_normalisation,0.002519625,0.014846913057414
200,3,2,rhosvd_sgmres,solution_assembly,4.15675145833333,24.4936954916522
200,3,2,rhosvd_sgmres,unclassified_solver_overhead,0.0955316666666626,0.562921208207491
200,3,3,fixed,initial_residual,0.000138125,6.93930777798749e-05
200,3,3,fixed,operator_and_preconditioner,22.5230707916667,11.3154403857937
200,3,3,fixed,residual_sketch,0,0
200,3,3,fixed,orthogonalisation_inner_products,1.45454433333333,0.730753361500642
200,3,3,fixed,tucker_sums_and_rounding,173.1793125,87.0041303325085
200,3,3,fixed,small_least_squares,0.01061925,0.00533504029838144
200,3,3,fixed,basis_normalisation,0.006026125,0.00302748496533031
200,3,3,fixed,solution_assembly,1.48019895833333,0.743642073812234
200,3,3,fixed,unclassified_solver_overhead,0.393321166667079,0.197601928043437
200,3,4,relaxed,initial_residual,0.000173333333333333,0.000700655240148582
200,3,4,relaxed,operator_and_preconditioner,3.88384154166667,15.6994265081279
200,3,4,relaxed,residual_sketch,0,0
200,3,4,relaxed,orthogonalisation_inner_products,0.412699166666667,1.6682298099805
200,3,4,relaxed,tucker_sums_and_rounding,18.9561645833334,76.6254002794123
200,3,4,relaxed,small_least_squares,0.00959525,0.0387863203444366
200,3,4,relaxed,basis_normalisation,0.00205258333333333,0.0082970380865864
200,3,4,relaxed,solution_assembly,1.26144425,5.09906263798729
200,3,4,relaxed,unclassified_solver_overhead,0.21277716666664,0.860096750820864
200,4,1,rhosvd_sgmres,initial_residual,0,0
200,4,1,rhosvd_sgmres,operator_and_preconditioner,0.2745305,1.63751384916132
200,4,1,rhosvd_sgmres,residual_sketch,0.716072916666667,4.27121692508121
200,4,1,rhosvd_sgmres,orthogonalisation_inner_products,0.0275137916666667,0.164113695553339
200,4,1,rhosvd_sgmres,tucker_sums_and_rounding,11.4994690833333,68.5917953814267
200,4,1,rhosvd_sgmres,small_least_squares,0.0289779583333333,0.172847126607983
200,4,1,rhosvd_sgmres,basis_normalisation,0.00233554166666667,0.0139309906347745
200,4,1,rhosvd_sgmres,solution_assembly,4.125364875,24.6068910946367
200,4,1,rhosvd_sgmres,unclassified_solver_overhead,0.0908149166666554,0.541690936898011
200,4,2,fixed,initial_residual,0.000135708333333333,6.91149039258718e-05
200,4,2,fixed,operator_and_preconditioner,21.643758625,11.0229509214244
200,4,2,fixed,residual_sketch,0,0
200,4,2,fixed,orthogonalisation_inner_products,1.436526875,0.731608844599751
200,4,2,fixed,tucker_sums_and_rounding,171.396499208333,87.2905317237805
200,4,2,fixed,small_least_squares,0.0107130833333333,0.00545606675099681
200,4,2,fixed,basis_normalisation,0.00573595833333333,0.00292126650879561
200,4,2,fixed,solution_assembly,1.46602216666667,0.746630503179847
200,4,2,fixed,unclassified_solver_overhead,0.392372791666901,0.199831558851831
200,4,3,relaxed,initial_residual,0.000253,0.00102388601113461
200,4,3,relaxed,operator_and_preconditioner,3.83797845833333,15.532223140409
200,4,3,relaxed,residual_sketch,0,0
200,4,3,relaxed,orthogonalisation_inner_products,0.412499541666666,1.66937751111437
200,4,3,relaxed,tucker_sums_and_rounding,18.970398875,76.7728301729494
200,4,3,relaxed,small_least_squares,0.00956633333333333,0.0387147623630463
200,4,3,relaxed,basis_normalisation,0.00200908333333333,0.00813072063321616
200,4,3,relaxed,solution_assembly,1.26678725,5.12666302118055
200,4,3,relaxed,unclassified_solver_overhead,0.210289333333353,0.851036785339301
200,4,4,plain,initial_residual,0.000486916666666667,0.00229093132013937
200,4,4,plain,operator_and_preconditioner,0.282323375,1.32832475549194
200,4,4,plain,residual_sketch,2.09031633333333,9.83488856484455
200,4,4,plain,orthogonalisation_inner_products,0.201281916666667,0.94702662413695
200,4,4,plain,tucker_sums_and_rounding,17.9161216666667,84.294925746899
200,4,4,plain,small_least_squares,0.0293036666666667,0.137873053763322
200,4,4,plain,basis_normalisation,0.00237016666666667,0.0111515777181934
200,4,4,plain,solution_assembly,0.403341041666667,1.89770999497205
200,4,4,plain,unclassified_solver_overhead,0.328547624999999,1.54580875085381
250,1,1,fixed,initial_residual,0.000148041666666667,6.62433246890232e-05
250,1,1,fixed,operator_and_preconditioner,29.4306485,13.1691573615132
250,1,1,fixed,residual_sketch,0,0
250,1,1,fixed,orthogonalisation_inner_products,1.99498316666666,0.892683260289122
250,1,1,fixed,tucker_sums_and_rounding,189.744645083333,84.9039085770361
250,1,1,fixed,small_least_squares,0.012107125,0.00541750326434398
250,1,1,fixed,basis_normalisation,0.006633375,0.00296819688539746
250,1,1,fixed,solution_assembly,1.86953675,0.83655049782141
250,1,1,fixed,unclassified_solver_overhead,0.422935333333356,0.189248359865771
250,1,2,relaxed,initial_residual,0.000164833333333333,0.000603153766020762
250,1,2,relaxed,operator_and_preconditioner,4.61253320833333,16.8780593053715
250,1,2,relaxed,residual_sketch,0,0
250,1,2,relaxed,orthogonalisation_inner_products,0.451737416666666,1.65298558613745
250,1,2,relaxed,tucker_sums_and_rounding,20.5669475833333,75.2580296689935
250,1,2,relaxed,small_least_squares,0.00962879166666667,0.0352334193487118
250,1,2,relaxed,basis_normalisation,0.00248595833333333,0.00909655286706185
250,1,2,relaxed,solution_assembly,1.458479375,5.33682908611642
250,1,2,relaxed,unclassified_solver_overhead,0.226598499999998,0.829163227399318
250,1,3,plain,initial_residual,0.000956708333333333,0.00385320105789659
250,1,3,plain,operator_and_preconditioner,0.313059166666667,1.26086485311709
250,1,3,plain,residual_sketch,2.13674470833333,8.60586940004872
250,1,3,plain,orthogonalisation_inner_products,0.237601041666667,0.956952660710595
250,1,3,plain,tucker_sums_and_rounding,21.32461625,85.8861902116517
250,1,3,plain,small_least_squares,0.027519125,0.110834951330401
250,1,3,plain,basis_normalisation,0.00247058333333333,0.00995042478667831
250,1,3,plain,solution_assembly,0.41555425,1.67367004124917
250,1,3,plain,unclassified_solver_overhead,0.370401416666667,1.4918142560478
250,1,4,rhosvd_sgmres,initial_residual,0,0
250,1,4,rhosvd_sgmres,operator_and_preconditioner,0.316627875,1.6529114282631
250,1,4,rhosvd_sgmres,residual_sketch,0.709492125,3.70380416340529
250,1,4,rhosvd_sgmres,orthogonalisation_inner_products,0.0318752083333333,0.16640005600402
250,1,4,rhosvd_sgmres,tucker_sums_and_rounding,12.7825437083333,66.7294772381513
250,1,4,rhosvd_sgmres,small_least_squares,0.0283323333333333,0.147904973799373
250,1,4,rhosvd_sgmres,basis_normalisation,0.002600125,0.0135735880089919
250,1,4,rhosvd_sgmres,solution_assembly,5.18651075,27.0754521896861
250,1,4,rhosvd_sgmres,unclassified_solver_overhead,0.0977856666666632,0.510476362681755
250,2,1,relaxed,initial_residual,0.000180791666666667,0.000651385917667279
250,2,1,relaxed,operator_and_preconditioner,4.649154875,16.7507389608436
250,2,1,relaxed,residual_sketch,0,0
250,2,1,relaxed,orthogonalisation_inner_products,0.456465833333332,1.644630093918
250,2,1,relaxed,tucker_sums_and_rounding,20.7374797916667,74.7163990091807
250,2,1,relaxed,small_least_squares,0.00989391666666667,0.0356474283691556
250,2,1,relaxed,basis_normalisation,0.0112093333333333,0.0403868276364421
250,2,1,relaxed,solution_assembly,1.65354820833333,5.95767513487325
250,2,1,relaxed,unclassified_solver_overhead,0.236991291666644,0.853871159261199
250,2,2,plain,initial_residual,0.00101920833333333,0.00412177978245431
250,2,2,plain,operator_and_preconditioner,0.320537625,1.29628600849442
250,2,2,plain,residual_sketch,2.11623416666667,8.5582612679178
250,2,2,plain,orthogonalisation_inner_products,0.230971333333333,0.934071024464919
250,2,2,plain,tucker_sums_and_rounding,21.2228859583333,85.8274598111854
250,2,2,plain,small_least_squares,0.0276629583333333,0.111871752469197
250,2,2,plain,basis_normalisation,0.002691875,0.0108862100014497
250,2,2,plain,solution_assembly,0.436236,1.76418173436449
250,2,2,plain,unclassified_solver_overhead,0.369145333333332,1.49286041131992
250,2,3,rhosvd_sgmres,initial_residual,0,0
250,2,3,rhosvd_sgmres,operator_and_preconditioner,0.327694541666667,1.69467743025985
250,2,3,rhosvd_sgmres,residual_sketch,0.700328208333333,3.62175824595844
250,2,3,rhosvd_sgmres,orthogonalisation_inner_products,0.0334284583333333,0.172875793346315
250,2,3,rhosvd_sgmres,tucker_sums_and_rounding,12.9018845416667,66.7222970189775
250,2,3,rhosvd_sgmres,small_least_squares,0.0285200416666667,0.147491840043325
250,2,3,rhosvd_sgmres,basis_normalisation,0.00270783333333333,0.0140036022924458
250,2,3,rhosvd_sgmres,solution_assembly,5.23486241666667,27.0721725876796
250,2,3,rhosvd_sgmres,unclassified_solver_overhead,0.107265166666664,0.554723481442562
250,2,4,fixed,initial_residual,0.000169666666666667,7.56203461800652e-05
250,2,4,fixed,operator_and_preconditioner,31.095747625,13.8593587434014
250,2,4,fixed,residual_sketch,0,0
250,2,4,fixed,orthogonalisation_inner_products,2.05850375,0.917474063976203
250,2,4,fixed,tucker_sums_and_rounding,189.016153958333,84.2444027266423
250,2,4,fixed,small_least_squares,0.011449875,0.00510320340600279
250,2,4,fixed,basis_normalisation,0.00697758333333333,0.00310990530746711
250,2,4,fixed,solution_assembly,1.75152491666667,0.780653755646423
250,2,4,fixed,unclassified_solver_overhead,0.42589679166673,0.189821981273972
250,3,1,plain,initial_residual,0.000500458333333333,0.00181820797364594
250,3,1,plain,operator_and_preconditioner,0.323688875,1.17598939673063
250,3,1,plain,residual_sketch,2.21613858333333,8.05142121639379
250,3,1,plain,orthogonalisation_inner_products,0.258667791666667,0.939762233952982
250,3,1,plain,tucker_sums_and_rounding,23.8635792916667,86.6984267378377
250,3,1,plain,small_least_squares,0.0305407916666667,0.110957310991177
250,3,1,plain,basis_normalisation,0.002859625,0.0103892624626837
250,3,1,plain,solution_assembly,0.436463708333333,1.58571002187743
250,3,1,plain,unclassified_solver_overhead,0.392373249999999,1.42552561177994
250,3,2,rhosvd_sgmres,initial_residual,0,0
250,3,2,rhosvd_sgmres,operator_and_preconditioner,0.309535916666667,1.67042248505893
250,3,2,rhosvd_sgmres,residual_sketch,0.698654666666667,3.77031679250368
250,3,2,rhosvd_sgmres,orthogonalisation_inner_products,0.03000425,0.161919089671595
250,3,2,rhosvd_sgmres,tucker_sums_and_rounding,12.4751324583333,67.3225323474475
250,3,2,rhosvd_sgmres,small_least_squares,0.0283917083333333,0.153216946517736
250,3,2,rhosvd_sgmres,basis_normalisation,0.0026455,0.014276542547346
250,3,2,rhosvd_sgmres,solution_assembly,4.89303241666667,26.4054377176657
250,3,2,rhosvd_sgmres,unclassified_solver_overhead,0.0930000000000035,0.501878078587497
250,3,3,fixed,initial_residual,0.000153416666666667,6.90509698244719e-05
250,3,3,fixed,operator_and_preconditioner,29.738133875,13.3847712211107
250,3,3,fixed,residual_sketch,0,0
250,3,3,fixed,orthogonalisation_inner_products,1.79929516666667,0.809840801252483
250,3,3,fixed,tucker_sums_and_rounding,188.186080875001,84.7002589367863
250,3,3,fixed,small_least_squares,0.0107679166666667,0.00484650791193326
250,3,3,fixed,basis_normalisation,0.00707983333333333,0.00318654660203557
250,3,3,fixed,solution_assembly,2.02014945833333,0.909244623280597
250,3,3,fixed,unclassified_solver_overhead,0.417212624999365,0.18778231208617
250,3,4,relaxed,initial_residual,0.000285625,0.0010652581361021
250,3,4,relaxed,operator_and_preconditioner,4.44777379166667,16.5882791041211
250,3,4,relaxed,residual_sketch,0,0
250,3,4,relaxed,orthogonalisation_inner_products,0.427575041666666,1.59467060631811
250,3,4,relaxed,tucker_sums_and_rounding,20.24000525,75.4864954654238
250,3,4,relaxed,small_least_squares,0.009485625,0.0353772926293688
250,3,4,relaxed,basis_normalisation,0.00234216666666667,0.00873527211474414
250,3,4,relaxed,solution_assembly,1.47066404166667,5.48494297018192
250,3,4,relaxed,unclassified_solver_overhead,0.214618374999993,0.80043403107485
250,4,1,rhosvd_sgmres,initial_residual,0,0
250,4,1,rhosvd_sgmres,operator_and_preconditioner,0.326486916666667,1.70780278433356
250,4,1,rhosvd_sgmres,residual_sketch,0.75425275,3.94537998549072
250,4,1,rhosvd_sgmres,orthogonalisation_inner_products,0.0340535833333333,0.178129050397992
250,4,1,rhosvd_sgmres,tucker_sums_and_rounding,12.9051159166667,67.504674060591
250,4,1,rhosvd_sgmres,small_least_squares,0.0286389583333333,0.149805980838169
250,4,1,rhosvd_sgmres,basis_normalisation,0.002988625,0.0156330371472125
250,4,1,rhosvd_sgmres,solution_assembly,4.96652633333333,25.9791344386162
250,4,1,rhosvd_sgmres,unclassified_solver_overhead,0.0993033749999945,0.519440662585132
250,4,2,fixed,initial_residual,0.000292083333333333,0.000135161535382119
250,4,2,fixed,operator_and_preconditioner,27.715858125,12.8255107741214
250,4,2,fixed,residual_sketch,0,0
250,4,2,fixed,orthogonalisation_inner_products,1.65264841666667,0.76476290137573
250,4,2,fixed,tucker_sums_and_rounding,184.516238291666,85.384872138435
250,4,2,fixed,small_least_squares,0.0105498333333333,0.00488193439552225
250,4,2,fixed,basis_normalisation,0.00622395833333333,0.00288013614089929
250,4,2,fixed,solution_assembly,1.79713379166667,0.831623495242529
250,4,2,fixed,unclassified_solver_overhead,0.400504583333486,0.18533345875354
250,4,3,relaxed,initial_residual,0.000177958333333333,0.000638701714509288
250,4,3,relaxed,operator_and_preconditioner,4.57485370833333,16.419387911824
250,4,3,relaxed,residual_sketch,0,0
250,4,3,relaxed,orthogonalisation_inner_products,0.438774875,1.57478584844448
250,4,3,relaxed,tucker_sums_and_rounding,20.8603143333333,74.8687531532813
250,4,3,relaxed,small_least_squares,0.00992766666666666,0.0356309120360199
250,4,3,relaxed,basis_normalisation,0.0027015,0.00969582401356222
250,4,3,relaxed,solution_assembly,1.75310108333333,6.29197097241727
250,4,3,relaxed,unclassified_solver_overhead,0.222659541666662,0.799136676268879
250,4,4,plain,initial_residual,0.000725208333333333,0.00303535059641361
250,4,4,plain,operator_and_preconditioner,0.302416625,1.26576107977129
250,4,4,plain,residual_sketch,2.11604829166667,8.85669420624015
250,4,4,plain,orthogonalisation_inner_products,0.233312041666667,0.976524692660812
250,4,4,plain,tucker_sums_and_rounding,20.42181625,85.4752617766663
250,4,4,plain,small_least_squares,0.02902,0.121462854546978
250,4,4,plain,basis_normalisation,0.00276041666666667,0.0115536901472221
250,4,4,plain,solution_assembly,0.416098958333333,1.74157709349382
250,4,4,plain,unclassified_solver_overhead,0.369880250000008,1.54812925587701
