N,method_id,method_name,residual_seed,arnoldi_iteration,true_relative_residual
150,fixed,Fixed Tucker GMRES,NaN,0,1
150,fixed,Fixed Tucker GMRES,NaN,20,0.000399619961386679
150,fixed,Fixed Tucker GMRES,NaN,40,0.000100285164959646
150,fixed,Fixed Tucker GMRES,NaN,60,4.46553809907067e-05
150,fixed,Fixed Tucker GMRES,NaN,80,2.3676427903713e-05
150,fixed,Fixed Tucker GMRES,NaN,100,1.35306417978885e-05
150,relaxed,Relaxed Tucker GMRES,NaN,0,1
150,relaxed,Relaxed Tucker GMRES,NaN,20,0.000399569540886816
150,relaxed,Relaxed Tucker GMRES,NaN,40,0.000109116942768381
150,relaxed,Relaxed Tucker GMRES,NaN,60,0.000213651351530026
150,relaxed,Relaxed Tucker GMRES,NaN,80,0.000241060487160784
150,relaxed,Relaxed Tucker GMRES,NaN,100,0.000241380770036527
150,plain,Plain Tucker sGMRES,101,0,1
150,plain,Plain Tucker sGMRES,101,20,0.000395055543016744
150,plain,Plain Tucker sGMRES,101,40,9.84637158954054e-05
150,plain,Plain Tucker sGMRES,101,60,4.44996597437169e-05
150,plain,Plain Tucker sGMRES,101,80,2.47383079605405e-05
150,plain,Plain Tucker sGMRES,101,100,1.35849462714117e-05
150,plain,Plain Tucker sGMRES,202,0,1
150,plain,Plain Tucker sGMRES,202,20,0.000390398811421826
150,plain,Plain Tucker sGMRES,202,40,9.85137396582507e-05
150,plain,Plain Tucker sGMRES,202,60,4.6774392908957e-05
150,plain,Plain Tucker sGMRES,202,80,2.48016786013335e-05
150,plain,Plain Tucker sGMRES,202,100,1.33147733502708e-05
150,plain,Plain Tucker sGMRES,303,0,1
150,plain,Plain Tucker sGMRES,303,20,0.000360641572298776
150,plain,Plain Tucker sGMRES,303,40,9.77507563135563e-05
150,plain,Plain Tucker sGMRES,303,60,4.56869752034975e-05
150,plain,Plain Tucker sGMRES,303,80,2.44001523296696e-05
150,plain,Plain Tucker sGMRES,303,100,1.36031940228222e-05
150,plain,Plain Tucker sGMRES,404,0,1
150,plain,Plain Tucker sGMRES,404,20,0.000386436238436537
150,plain,Plain Tucker sGMRES,404,40,9.7325271356724e-05
150,plain,Plain Tucker sGMRES,404,60,4.56193782234766e-05
150,plain,Plain Tucker sGMRES,404,80,2.29614651522307e-05
150,plain,Plain Tucker sGMRES,404,100,1.33967936651054e-05
150,plain,Plain Tucker sGMRES,505,0,1
150,plain,Plain Tucker sGMRES,505,20,0.000408500048749308
150,plain,Plain Tucker sGMRES,505,40,9.97150905981599e-05
150,plain,Plain Tucker sGMRES,505,60,4.42590698180819e-05
150,plain,Plain Tucker sGMRES,505,80,2.49788064638336e-05
150,plain,Plain Tucker sGMRES,505,100,1.4245545754347e-05
150,rhosvd_sgmres,RHOSVD Tucker sGMRES,101,0,1
150,rhosvd_sgmres,RHOSVD Tucker sGMRES,101,20,0.000395050069772042
150,rhosvd_sgmres,RHOSVD Tucker sGMRES,101,40,9.84526381044152e-05
150,rhosvd_sgmres,RHOSVD Tucker sGMRES,101,60,4.44909142688632e-05
150,rhosvd_sgmres,RHOSVD Tucker sGMRES,101,80,2.47297779576997e-05
150,rhosvd_sgmres,RHOSVD Tucker sGMRES,101,100,1.35745813223337e-05
150,rhosvd_sgmres,RHOSVD Tucker sGMRES,202,0,1
150,rhosvd_sgmres,RHOSVD Tucker sGMRES,202,20,0.000390393334130908
150,rhosvd_sgmres,RHOSVD Tucker sGMRES,202,40,9.85026096314167e-05
150,rhosvd_sgmres,RHOSVD Tucker sGMRES,202,60,4.67663046130545e-05
150,rhosvd_sgmres,RHOSVD Tucker sGMRES,202,80,2.47933879532537e-05
150,rhosvd_sgmres,RHOSVD Tucker sGMRES,202,100,1.33032766950501e-05
150,rhosvd_sgmres,RHOSVD Tucker sGMRES,303,0,1
150,rhosvd_sgmres,RHOSVD Tucker sGMRES,303,20,0.000360635754609159
150,rhosvd_sgmres,RHOSVD Tucker sGMRES,303,40,9.77399024352632e-05
150,rhosvd_sgmres,RHOSVD Tucker sGMRES,303,60,4.56784162912884e-05
150,rhosvd_sgmres,RHOSVD Tucker sGMRES,303,80,2.43924329263442e-05
150,rhosvd_sgmres,RHOSVD Tucker sGMRES,303,100,1.35935983209117e-05
150,rhosvd_sgmres,RHOSVD Tucker sGMRES,404,0,1
150,rhosvd_sgmres,RHOSVD Tucker sGMRES,404,20,0.000386430679833611
150,rhosvd_sgmres,RHOSVD Tucker sGMRES,404,40,9.7314546644406e-05
150,rhosvd_sgmres,RHOSVD Tucker sGMRES,404,60,4.56109142045535e-05
150,rhosvd_sgmres,RHOSVD Tucker sGMRES,404,80,2.29526111919878e-05
150,rhosvd_sgmres,RHOSVD Tucker sGMRES,404,100,1.33863031498754e-05
150,rhosvd_sgmres,RHOSVD Tucker sGMRES,505,0,1
150,rhosvd_sgmres,RHOSVD Tucker sGMRES,505,20,0.000408494758737065
150,rhosvd_sgmres,RHOSVD Tucker sGMRES,505,40,9.97038284241666e-05
150,rhosvd_sgmres,RHOSVD Tucker sGMRES,505,60,4.42500002532795e-05
150,rhosvd_sgmres,RHOSVD Tucker sGMRES,505,80,2.4969860890921e-05
150,rhosvd_sgmres,RHOSVD Tucker sGMRES,505,100,1.42324007872509e-05
200,fixed,Fixed Tucker GMRES,NaN,0,1
200,fixed,Fixed Tucker GMRES,NaN,20,0.000567177893401553
200,fixed,Fixed Tucker GMRES,NaN,40,0.00013310070929196
200,fixed,Fixed Tucker GMRES,NaN,60,6.53990270259284e-05
200,fixed,Fixed Tucker GMRES,NaN,80,3.81861048527572e-05
200,fixed,Fixed Tucker GMRES,NaN,100,2.4315885046627e-05
200,relaxed,Relaxed Tucker GMRES,NaN,0,1
200,relaxed,Relaxed Tucker GMRES,NaN,20,0.000567049546363468
200,relaxed,Relaxed Tucker GMRES,NaN,40,0.000167660073517083
200,relaxed,Relaxed Tucker GMRES,NaN,60,0.000348777764545267
200,relaxed,Relaxed Tucker GMRES,NaN,80,0.000363268009938793
200,relaxed,Relaxed Tucker GMRES,NaN,100,0.000368419217519954
200,plain,Plain Tucker sGMRES,101,0,1
200,plain,Plain Tucker sGMRES,101,20,0.00056134118209183
200,plain,Plain Tucker sGMRES,101,40,0.000136556411349281
200,plain,Plain Tucker sGMRES,101,60,6.55174984437602e-05
200,plain,Plain Tucker sGMRES,101,80,3.8862593411422e-05
200,plain,Plain Tucker sGMRES,101,100,2.42172450795112e-05
200,plain,Plain Tucker sGMRES,202,0,1
200,plain,Plain Tucker sGMRES,202,20,0.000549546982150007
200,plain,Plain Tucker sGMRES,202,40,0.000135290387204526
200,plain,Plain Tucker sGMRES,202,60,6.24430332376595e-05
200,plain,Plain Tucker sGMRES,202,80,3.89772389991244e-05
200,plain,Plain Tucker sGMRES,202,100,2.45626965276221e-05
200,plain,Plain Tucker sGMRES,303,0,1
200,plain,Plain Tucker sGMRES,303,20,0.000567144609547261
200,plain,Plain Tucker sGMRES,303,40,0.000131312783367943
200,plain,Plain Tucker sGMRES,303,60,6.77232104831556e-05
200,plain,Plain Tucker sGMRES,303,80,3.89297319979901e-05
200,plain,Plain Tucker sGMRES,303,100,2.53485761319687e-05
200,plain,Plain Tucker sGMRES,404,0,1
200,plain,Plain Tucker sGMRES,404,20,0.000551946787490286
200,plain,Plain Tucker sGMRES,404,40,0.00013417233356072
200,plain,Plain Tucker sGMRES,404,60,6.35518676633067e-05
200,plain,Plain Tucker sGMRES,404,80,3.72537830669936e-05
200,plain,Plain Tucker sGMRES,404,100,2.31133058981653e-05
200,plain,Plain Tucker sGMRES,505,0,1
200,plain,Plain Tucker sGMRES,505,20,0.000555170091727147
200,plain,Plain Tucker sGMRES,505,40,0.000132473854313528
200,plain,Plain Tucker sGMRES,505,60,6.61732122477907e-05
200,plain,Plain Tucker sGMRES,505,80,3.84015100237468e-05
200,plain,Plain Tucker sGMRES,505,100,2.46789336330456e-05
200,rhosvd_sgmres,RHOSVD Tucker sGMRES,101,0,1
200,rhosvd_sgmres,RHOSVD Tucker sGMRES,101,20,0.00056133202514024
200,rhosvd_sgmres,RHOSVD Tucker sGMRES,101,40,0.000136500428201594
200,rhosvd_sgmres,RHOSVD Tucker sGMRES,101,60,6.54988708863483e-05
200,rhosvd_sgmres,RHOSVD Tucker sGMRES,101,80,3.88286571903067e-05
200,rhosvd_sgmres,RHOSVD Tucker sGMRES,101,100,2.41789556572979e-05
200,rhosvd_sgmres,RHOSVD Tucker sGMRES,202,0,1
200,rhosvd_sgmres,RHOSVD Tucker sGMRES,202,20,0.00054953767489053
200,rhosvd_sgmres,RHOSVD Tucker sGMRES,202,40,0.000135234410998895
200,rhosvd_sgmres,RHOSVD Tucker sGMRES,202,60,6.24231211198552e-05
200,rhosvd_sgmres,RHOSVD Tucker sGMRES,202,80,3.89443556942323e-05
200,rhosvd_sgmres,RHOSVD Tucker sGMRES,202,100,2.45197189582682e-05
200,rhosvd_sgmres,RHOSVD Tucker sGMRES,303,0,1
200,rhosvd_sgmres,RHOSVD Tucker sGMRES,303,20,0.000567135442548599
200,rhosvd_sgmres,RHOSVD Tucker sGMRES,303,40,0.000131260279836506
200,rhosvd_sgmres,RHOSVD Tucker sGMRES,303,60,6.77018967630186e-05
200,rhosvd_sgmres,RHOSVD Tucker sGMRES,303,80,3.88964673136077e-05
200,rhosvd_sgmres,RHOSVD Tucker sGMRES,303,100,2.53091418339432e-05
200,rhosvd_sgmres,RHOSVD Tucker sGMRES,404,0,1
200,rhosvd_sgmres,RHOSVD Tucker sGMRES,404,20,0.000551937395010639
200,rhosvd_sgmres,RHOSVD Tucker sGMRES,404,40,0.000134116177768058
200,rhosvd_sgmres,RHOSVD Tucker sGMRES,404,60,6.35334440863898e-05
200,rhosvd_sgmres,RHOSVD Tucker sGMRES,404,80,3.72206108982386e-05
200,rhosvd_sgmres,RHOSVD Tucker sGMRES,404,100,2.30727911226243e-05
200,rhosvd_sgmres,RHOSVD Tucker sGMRES,505,0,1
200,rhosvd_sgmres,RHOSVD Tucker sGMRES,505,20,0.000555160753031133
200,rhosvd_sgmres,RHOSVD Tucker sGMRES,505,40,0.000132418087651137
200,rhosvd_sgmres,RHOSVD Tucker sGMRES,505,60,6.61561149487269e-05
200,rhosvd_sgmres,RHOSVD Tucker sGMRES,505,80,3.83696059470827e-05
200,rhosvd_sgmres,RHOSVD Tucker sGMRES,505,100,2.4640757537846e-05
250,fixed,Fixed Tucker GMRES,NaN,0,1
250,fixed,Fixed Tucker GMRES,NaN,20,0.000679582801852448
250,fixed,Fixed Tucker GMRES,NaN,40,0.000157989040649152
250,fixed,Fixed Tucker GMRES,NaN,60,8.20574132589598e-05
250,fixed,Fixed Tucker GMRES,NaN,80,5.00036701780519e-05
250,fixed,Fixed Tucker GMRES,NaN,100,3.35835248971725e-05
250,relaxed,Relaxed Tucker GMRES,NaN,0,1
250,relaxed,Relaxed Tucker GMRES,NaN,20,0.00067944487780114
250,relaxed,Relaxed Tucker GMRES,NaN,40,0.000201163786401492
250,relaxed,Relaxed Tucker GMRES,NaN,60,0.000415168458602607
250,relaxed,Relaxed Tucker GMRES,NaN,80,0.00044053729486815
250,relaxed,Relaxed Tucker GMRES,NaN,100,0.00044254701462563
250,plain,Plain Tucker sGMRES,101,0,1
250,plain,Plain Tucker sGMRES,101,20,0.000678718755252815
250,plain,Plain Tucker sGMRES,101,40,0.000156172595338972
250,plain,Plain Tucker sGMRES,101,60,8.05958162238369e-05
250,plain,Plain Tucker sGMRES,101,80,4.93754838055974e-05
250,plain,Plain Tucker sGMRES,101,100,3.45734583576431e-05
250,plain,Plain Tucker sGMRES,202,0,1
250,plain,Plain Tucker sGMRES,202,20,0.000679036625408658
250,plain,Plain Tucker sGMRES,202,40,0.000158115436218584
250,plain,Plain Tucker sGMRES,202,60,7.82290941675527e-05
250,plain,Plain Tucker sGMRES,202,80,4.96613351061789e-05
250,plain,Plain Tucker sGMRES,202,100,3.32504812021977e-05
250,plain,Plain Tucker sGMRES,303,0,1
250,plain,Plain Tucker sGMRES,303,20,0.000678282817002273
250,plain,Plain Tucker sGMRES,303,40,0.000156108527651938
250,plain,Plain Tucker sGMRES,303,60,7.95493444988305e-05
250,plain,Plain Tucker sGMRES,303,80,5.06789784637485e-05
250,plain,Plain Tucker sGMRES,303,100,3.31668395870951e-05
250,plain,Plain Tucker sGMRES,404,0,1
250,plain,Plain Tucker sGMRES,404,20,0.000676252943704368
250,plain,Plain Tucker sGMRES,404,40,0.000152040411958078
250,plain,Plain Tucker sGMRES,404,60,8.26076859198728e-05
250,plain,Plain Tucker sGMRES,404,80,4.99293189996021e-05
250,plain,Plain Tucker sGMRES,404,100,3.32469220988011e-05
250,plain,Plain Tucker sGMRES,505,0,1
250,plain,Plain Tucker sGMRES,505,20,0.000680787166566627
250,plain,Plain Tucker sGMRES,505,40,0.000159602645723397
250,plain,Plain Tucker sGMRES,505,60,8.35921390890987e-05
250,plain,Plain Tucker sGMRES,505,80,5.04460784957292e-05
250,plain,Plain Tucker sGMRES,505,100,3.2922325452094e-05
250,rhosvd_sgmres,RHOSVD Tucker sGMRES,101,0,1
250,rhosvd_sgmres,RHOSVD Tucker sGMRES,101,20,0.00067870700598233
250,rhosvd_sgmres,RHOSVD Tucker sGMRES,101,40,0.000156080704604938
250,rhosvd_sgmres,RHOSVD Tucker sGMRES,101,60,8.05454701146153e-05
250,rhosvd_sgmres,RHOSVD Tucker sGMRES,101,80,4.93157571600398e-05
250,rhosvd_sgmres,RHOSVD Tucker sGMRES,101,100,3.44934662906617e-05
250,rhosvd_sgmres,RHOSVD Tucker sGMRES,202,0,1
250,rhosvd_sgmres,RHOSVD Tucker sGMRES,202,20,0.000679021519513193
250,rhosvd_sgmres,RHOSVD Tucker sGMRES,202,40,0.000158024739671162
250,rhosvd_sgmres,RHOSVD Tucker sGMRES,202,60,7.81863748051647e-05
250,rhosvd_sgmres,RHOSVD Tucker sGMRES,202,80,4.95973866740982e-05
250,rhosvd_sgmres,RHOSVD Tucker sGMRES,202,100,3.31703090519502e-05
250,rhosvd_sgmres,RHOSVD Tucker sGMRES,303,0,1
250,rhosvd_sgmres,RHOSVD Tucker sGMRES,303,20,0.000678270477965106
250,rhosvd_sgmres,RHOSVD Tucker sGMRES,303,40,0.000156017314655792
250,rhosvd_sgmres,RHOSVD Tucker sGMRES,303,60,7.95021108699122e-05
250,rhosvd_sgmres,RHOSVD Tucker sGMRES,303,80,5.06189299420321e-05
250,rhosvd_sgmres,RHOSVD Tucker sGMRES,303,100,3.30854985021745e-05
250,rhosvd_sgmres,RHOSVD Tucker sGMRES,404,0,1
250,rhosvd_sgmres,RHOSVD Tucker sGMRES,404,20,0.000676240482482056
250,rhosvd_sgmres,RHOSVD Tucker sGMRES,404,40,0.000151948566029275
250,rhosvd_sgmres,RHOSVD Tucker sGMRES,404,60,8.25503976866212e-05
250,rhosvd_sgmres,RHOSVD Tucker sGMRES,404,80,4.98665933207451e-05
250,rhosvd_sgmres,RHOSVD Tucker sGMRES,404,100,3.31619896175834e-05
250,rhosvd_sgmres,RHOSVD Tucker sGMRES,505,0,1
250,rhosvd_sgmres,RHOSVD Tucker sGMRES,505,20,0.000680774793787324
250,rhosvd_sgmres,RHOSVD Tucker sGMRES,505,40,0.000159511408461469
250,rhosvd_sgmres,RHOSVD Tucker sGMRES,505,60,8.35335757224552e-05
250,rhosvd_sgmres,RHOSVD Tucker sGMRES,505,80,5.03806564508488e-05
250,rhosvd_sgmres,RHOSVD Tucker sGMRES,505,100,3.28395120450882e-05
